Left X , Left Y , Left Z , Left Diameter , Right X , Right Y , Right Z , Right Diameter ,TimeStamp
0.08,0.14,0.42,2.75,0.06,0.17,0.42,3.32,229636703
0.09,0.14,0.42,2.76,0.06,0.17,0.42,3.32,229647806
0.09,0.14,0.42,2.76,0.06,0.17,0.42,3.32,229658909
0.09,0.14,0.42,2.75,0.06,0.17,0.42,3.33,229670012
0.1,0.15,0.42,2.75,0.06,0.18,0.42,3.33,229681116
0.1,0.15,0.42,2.75,0.06,0.18,0.42,3.32,229692219
0.1,0.15,0.42,2.76,0.05,0.18,0.42,3.31,229703322
0.09,0.14,0.41,2.75,0.06,0.19,0.42,3.32,229714425
0.1,0.16,0.41,2.77,0.06,0.18,0.42,3.33,229725528
0.09,0.15,0.41,2.78,0.06,0.19,0.42,3.33,229736631
0.1,0.15,0.41,2.79,0.06,0.18,0.42,3.33,229747734
0.09,0.14,0.41,2.78,0.06,0.17,0.42,3.33,229758837
0.09,0.15,0.41,2.78,0.06,0.17,0.42,3.33,229769941
0.09,0.15,0.41,2.77,0.06,0.17,0.42,3.34,229781044
0.09,0.15,0.41,2.79,0.06,0.17,0.42,3.33,229792147
0.1,0.16,0.41,2.8,0.07,0.18,0.42,3.34,229803250
0.09,0.17,0.41,2.81,0.06,0.17,0.42,3.33,229814353
0.1,0.16,0.41,2.81,0.06,0.17,0.42,3.34,229825456
0.1,0.15,0.41,2.8,0.06,0.17,0.42,3.34,229836559
0.09,0.14,0.41,2.81,0.06,0.18,0.42,3.36,229847662
0.09,0.15,0.41,2.82,0.06,0.18,0.42,3.37,229858766
0.09,0.15,0.41,2.81,0.06,0.17,0.42,3.38,229869869
0.09,0.15,0.41,2.82,0.06,0.17,0.42,3.37,229880972
0.1,0.14,0.41,2.82,0.06,0.17,0.42,3.37,229892075
0.1,0.15,0.41,2.83,0.06,0.17,0.42,3.38,229903178
0.1,0.15,0.41,2.84,0.06,0.17,0.42,3.39,229914281
0.09,0.15,0.41,2.83,0.06,0.18,0.42,3.39,229925384
0.09,0.15,0.41,2.84,0.06,0.18,0.42,3.39,229936487
0.09,0.16,0.41,2.85,0.06,0.19,0.42,3.38,229947591
0.09,0.16,0.41,2.85,0.06,0.18,0.42,3.39,229958694
0.09,0.16,0.41,2.84,0.05,0.19,0.42,3.39,229969797
0.1,0.15,0.42,2.83,0.05,0.19,0.42,3.4,229980900
0.11,0.15,0.42,2.84,0.06,0.19,0.42,3.41,229992003
0.1,0.15,0.42,2.85,0.06,0.18,0.42,3.41,230003106
0.1,0.16,0.42,2.85,0.06,0.18,0.42,3.41,230014209
0.1,0.16,0.42,2.84,0.06,0.18,0.42,3.41,230025312
0.1,0.16,0.42,2.83,0.05,0.18,0.42,3.42,230036416
0.1,0.16,0.42,2.83,0.05,0.18,0.42,3.43,230047519
0.1,0.15,0.42,2.83,0.05,0.18,0.42,3.42,230058622
0.1,0.15,0.42,2.84,0.05,0.18,0.42,3.42,230069725
0.09,0.16,0.42,2.85,0.05,0.18,0.42,3.42,230080828
0.1,0.16,0.41,2.83,0.05,0.18,0.42,3.42,230091931
0.1,0.17,0.41,2.83,0.06,0.18,0.42,3.43,230103034
0.1,0.16,0.41,2.81,0.06,0.18,0.42,3.43,230114137
0.09,0.15,0.41,2.81,0.06,0.18,0.42,3.43,230125241
0.09,0.15,0.41,2.82,0.06,0.18,0.42,3.43,230136344
0.08,0.14,0.41,2.8,0.06,0.19,0.42,3.42,230147447
0.08,0.14,0.41,2.81,0.06,0.19,0.42,3.42,230158550
0.08,0.14,0.41,2.82,0.06,0.18,0.42,3.42,230169653
0.09,0.15,0.41,2.82,0.06,0.18,0.42,3.43,230180756
0.09,0.16,0.42,2.81,0.06,0.18,0.42,3.43,230191859
0.09,0.16,0.42,2.8,0.06,0.18,0.42,3.43,230202962
0.11,0.15,0.42,2.8,0.08,0.18,0.42,3.43,230214066
0.13,0.15,0.42,2.81,0.1,0.17,0.42,3.42,230225169
0.14,0.15,0.42,2.82,0.11,0.16,0.42,3.42,230236272
0.14,0.16,0.42,2.83,0.11,0.16,0.42,3.42,230247375
0.14,0.16,0.42,2.82,0.11,0.16,0.42,3.42,230258478
0.14,0.16,0.42,2.81,0.11,0.17,0.42,3.42,230269581
0.14,0.16,0.42,2.81,0.11,0.17,0.42,3.42,230280684
0.13,0.15,0.41,2.8,0.11,0.17,0.42,3.42,230291787
0.14,0.15,0.41,2.8,0.1,0.17,0.42,3.42,230302891
0.14,0.15,0.41,2.79,0.1,0.17,0.42,3.41,230313994
0.14,0.15,0.41,2.8,0.1,0.17,0.42,3.41,230325097
0.14,0.15,0.41,2.8,0.1,0.17,0.42,3.41,230336200
0.13,0.16,0.41,2.81,0.1,0.18,0.42,3.41,230347303
0.14,0.17,0.42,2.81,0.1,0.17,0.42,3.41,230358406
0.14,0.16,0.42,2.81,0.1,0.17,0.42,3.41,230369509
0.14,0.16,0.42,2.79,0.1,0.17,0.42,3.41,230380612
0.13,0.16,0.42,2.79,0.1,0.17,0.42,3.42,230391716
0.13,0.16,0.42,2.79,0.1,0.17,0.42,3.41,230402819
0.13,0.16,0.42,2.8,0.11,0.16,0.42,3.41,230413922
0.14,0.15,0.42,2.81,0.11,0.16,0.42,3.4,230425025
0.14,0.15,0.41,2.81,0.11,0.16,0.42,3.4,230436128
0.14,0.16,0.41,2.81,0.1,0.17,0.42,3.4,230447231
0.14,0.16,0.41,2.8,0.1,0.17,0.42,3.39,230458334
0.13,0.16,0.41,2.8,0.1,0.17,0.42,3.39,230469437
0.12,0.16,0.41,2.79,0.1,0.17,0.42,3.39,230480541
0.13,0.16,0.41,2.79,0.1,0.17,0.42,3.39,230491644
0.13,0.17,0.41,2.78,0.11,0.16,0.42,3.39,230502747
0.13,0.18,0.41,2.8,0.1,0.15,0.42,3.38,230513850
0.13,0.18,0.41,2.81,0.1,0.15,0.42,3.39,230524953
0.13,0.18,0.41,2.79,0.11,0.15,0.42,3.39,230536056
0.13,0.18,0.41,2.79,0.11,0.16,0.42,3.4,230547159
0.13,0.19,0.41,2.8,0.11,0.16,0.42,3.4,230558262
0.14,0.19,0.41,2.82,0.1,0.16,0.42,3.4,230569366
0.14,0.18,0.41,2.83,0.1,0.15,0.42,3.39,230580469
0.14,0.18,0.41,2.81,0.1,0.15,0.42,3.39,230591572
0.13,0.17,0.41,2.81,0.1,0.16,0.42,3.39,230602675
0.13,0.17,0.41,2.8,0.1,0.16,0.42,3.39,230613778
0.14,0.17,0.41,2.81,0.1,0.17,0.42,3.39,230624881
0.14,0.17,0.41,2.8,0.11,0.17,0.42,3.39,230635984
0.14,0.18,0.41,2.81,0.11,0.17,0.42,3.38,230647087
0.14,0.17,0.41,2.81,0.11,0.18,0.42,3.38,230658191
0.13,0.17,0.41,2.8,0.11,0.17,0.42,3.39,230669294
0.14,0.17,0.41,2.81,0.11,0.17,0.42,3.39,230680397
0.14,0.17,0.41,2.81,0.11,0.16,0.42,3.39,230691500
0.15,0.17,0.41,2.82,0.1,0.17,0.42,3.4,230702603
0.14,0.17,0.41,2.82,0.1,0.16,0.42,3.4,230713706
0.14,0.17,0.42,2.83,0.1,0.16,0.42,3.39,230724809
0.14,0.16,0.42,2.82,0.12,0.16,0.42,3.39,230735912
0.16,0.16,0.42,2.81,0.13,0.16,0.42,3.38,230747016
0.18,0.16,0.42,2.81,0.15,0.16,0.42,3.38,230758119
0.18,0.16,0.42,2.82,0.14,0.16,0.42,3.38,230769222
0.18,0.15,0.42,2.81,0.14,0.16,0.42,3.38,230780325
0.18,0.15,0.42,2.81,0.14,0.16,0.42,3.37,230791428
0.19,0.16,0.42,2.82,0.14,0.16,0.42,3.38,230802531
0.18,0.16,0.42,2.83,0.14,0.16,0.42,3.37,230813634
0.18,0.16,0.42,2.82,0.15,0.17,0.42,3.37,230824737
0.18,0.16,0.42,2.8,0.15,0.16,0.42,3.37,230835841
0.18,0.15,0.42,2.79,0.15,0.17,0.42,3.36,230846944
0.19,0.16,0.42,2.79,0.15,0.18,0.42,3.36,230858047
0.19,0.16,0.41,2.79,0.15,0.17,0.42,3.35,230869150
0.19,0.17,0.41,2.78,0.14,0.16,0.42,3.35,230880253
0.19,0.16,0.41,2.76,0.14,0.15,0.42,3.34,230891356
0.18,0.16,0.41,2.75,0.15,0.17,0.42,3.34,230902459
0.18,0.17,0.41,2.75,0.15,0.17,0.42,3.34,230913562
0.18,0.17,0.41,2.76,0.15,0.17,0.42,3.34,230924666
0.18,0.17,0.41,2.78,0.15,0.17,0.42,3.34,230935769
0.18,0.16,0.41,2.79,0.15,0.18,0.42,3.35,230946872
0.18,0.16,0.41,2.78,0.15,0.18,0.42,3.34,230957975
0.18,0.16,0.41,2.77,0.15,0.18,0.42,3.33,230969078
0.18,0.16,0.41,2.76,0.15,0.17,0.42,3.32,230980181
0.19,0.17,0.41,2.77,0.14,0.17,0.42,3.32,230991284
0.19,0.17,0.41,2.77,0.15,0.16,0.42,3.32,231002387
0.18,0.17,0.41,2.77,0.15,0.16,0.42,3.32,231013491
0.18,0.16,0.42,2.77,0.15,0.16,0.42,3.33,231024594
0.18,0.16,0.42,2.77,0.15,0.16,0.42,3.33,231035697
0.18,0.16,0.42,2.77,0.15,0.16,0.42,3.34,231046800
0.18,0.15,0.42,2.77,0.15,0.16,0.42,3.33,231057903
0.18,0.15,0.42,2.78,0.15,0.15,0.42,3.33,231069006
0.18,0.15,0.42,2.78,0.16,0.16,0.42,3.34,231080109
0.19,0.15,0.42,2.79,0.16,0.16,0.42,3.33,231091212
0.18,0.15,0.42,2.78,0.15,0.17,0.42,3.34,231102316
0.18,0.15,0.42,2.75,0.15,0.17,0.42,3.34,231113419
0.18,0.15,0.42,2.74,0.15,0.17,0.42,3.34,231124522
0.18,0.14,0.42,2.74,0.15,0.17,0.42,3.34,231135625
0.17,0.15,0.42,2.78,0.15,0.17,0.42,3.34,231146728
0.18,0.16,0.42,2.78,0.15,0.17,0.42,3.34,231157831
0.18,0.16,0.42,2.79,0.14,0.16,0.42,3.33,231168934
0.18,0.17,0.41,2.78,0.15,0.16,0.42,3.33,231180037
0.18,0.16,0.41,2.78,0.15,0.16,0.42,3.32,231191141
0.18,0.16,0.41,2.78,0.15,0.17,0.42,3.32,231202244
0.17,0.16,0.41,2.77,0.15,0.16,0.42,3.32,231213347
0.18,0.15,0.41,2.75,0.15,0.16,0.42,3.32,231224450
0.18,0.15,0.41,2.76,0.15,0.18,0.42,3.33,231235553
0.18,0.16,0.41,2.77,0.15,0.17,0.42,3.34,231246656
0.18,0.17,0.41,2.79,0.15,0.17,0.42,3.34,231257759
0.18,0.17,0.41,2.79,0.15,0.17,0.42,3.33,231268862
0.18,0.16,0.42,2.78,0.15,0.18,0.42,3.34,231279966
0.17,0.17,0.42,2.78,0.15,0.18,0.42,3.34,231291069
0.17,0.17,0.42,2.77,0.15,0.18,0.42,3.34,231302172
0.17,0.16,0.42,2.76,0.16,0.18,0.42,3.34,231313275
0.19,0.16,0.42,2.77,0.17,0.19,0.42,3.34,231324378
0.2,0.16,0.42,2.77,0.18,0.19,0.42,3.33,231335481
0.22,0.17,0.41,2.77,0.19,0.19,0.42,3.33,231346584
0.22,0.17,0.41,2.76,0.19,0.19,0.42,3.32,231357687
0.22,0.17,0.41,2.75,0.19,0.18,0.41,3.32,231368791
0.22,0.17,0.41,2.75,0.2,0.19,0.41,3.32,231379894
0.23,0.18,0.41,2.77,0.2,0.19,0.42,3.32,231390997
0.23,0.18,0.41,2.76,0.19,0.19,0.42,3.32,231402100
0.23,0.18,0.41,2.77,0.19,0.19,0.42,3.32,231413203
0.23,0.17,0.41,2.75,0.19,0.19,0.42,3.31,231424306
0.23,0.17,0.41,2.76,0.18,0.19,0.42,3.31,231435409
0.23,0.15,0.41,2.73,0.18,0.19,0.42,3.31,231446512
0.23,0.15,0.41,2.73,0.18,0.19,0.42,3.31,231457616
0.23,0.15,0.41,2.73,0.18,0.2,0.42,3.31,231468719
0.22,0.16,0.42,2.75,0.18,0.2,0.42,3.31,231479822
0.22,0.16,0.42,2.76,0.19,0.2,0.42,3.31,231490925
0.22,0.16,0.42,2.75,0.19,0.21,0.42,3.31,231502028
0.22,0.16,0.42,2.76,0.18,0.2,0.42,3.31,231513131
0.22,0.16,0.42,2.76,0.18,0.2,0.42,3.31,231524234
0.23,0.19,0.42,2.79,0.18,0.2,0.42,3.31,231535337
0.23,0.19,0.42,2.79,0.19,0.2,0.42,3.32,231546441
0.23,0.19,0.42,2.8,0.19,0.2,0.42,3.32,231557544
0.23,0.17,0.42,2.78,0.18,0.2,0.42,3.32,231568647
0.23,0.17,0.42,2.78,0.18,0.2,0.42,3.32,231579750
0.23,0.16,0.42,2.76,0.18,0.2,0.42,3.31,231590853
0.23,0.16,0.42,2.76,0.18,0.2,0.42,3.31,231601956
0.23,0.15,0.42,2.75,0.18,0.2,0.42,3.32,231613059
0.23,0.15,0.42,2.74,0.18,0.2,0.42,3.32,231624162
0.22,0.14,0.42,2.74,0.19,0.19,0.42,3.32,231635266
0.22,0.14,0.42,2.75,0.19,0.19,0.42,3.33,231646369
0.22,0.15,0.42,2.76,0.19,0.19,0.42,3.32,231657472
0.22,0.15,0.42,2.75,0.19,0.19,0.42,3.33,231668575
0.23,0.15,0.42,2.75,0.19,0.19,0.42,3.33,231679678
0.23,0.16,0.42,2.75,0.19,0.19,0.42,3.33,231690781
0.23,0.16,0.42,2.76,0.19,0.19,0.42,3.33,231701884
0.23,0.18,0.42,2.77,0.18,0.18,0.42,3.33,231712987
0.23,0.17,0.42,2.77,0.18,0.18,0.42,3.32,231724091
0.23,0.17,0.42,2.77,0.19,0.19,0.42,3.33,231735194
0.23,0.15,0.42,2.74,0.19,0.19,0.42,3.34,231746297
0.23,0.15,0.42,2.75,0.19,0.19,0.42,3.33,231757400
0.23,0.15,0.42,2.75,0.19,0.19,0.42,3.32,231768503
0.23,0.15,0.42,2.75,0.19,0.18,0.42,3.31,231779606
0.23,0.17,0.42,2.75,0.19,0.18,0.42,3.32,231790709
0.23,0.16,0.42,2.74,0.21,0.18,0.42,3.32,231801812
0.25,0.16,0.42,2.75,0.22,0.18,0.42,3.33,231812916
0.26,0.16,0.42,2.76,0.23,0.18,0.42,3.33,231824019
0.27,0.16,0.42,2.76,0.23,0.18,0.42,3.33,231835122
0.27,0.15,0.42,2.74,0.23,0.19,0.42,3.33,231846225
0.27,0.14,0.42,2.73,0.24,0.19,0.42,3.33,231857328
0.27,0.14,0.42,2.73,0.23,0.18,0.42,3.32,231868431
0.28,0.15,0.42,2.73,0.23,0.18,0.42,3.32,231879534
0.27,0.14,0.42,2.73,0.23,0.18,0.42,3.32,231890637
0.27,0.14,0.42,2.72,0.23,0.18,0.42,3.32,231901741
0.27,0.14,0.42,2.71,0.23,0.18,0.42,3.31,231912844
0.27,0.16,0.42,2.72,0.23,0.18,0.42,3.3,231923947
0.27,0.16,0.42,2.72,0.23,0.18,0.42,3.3,231935050
0.27,0.15,0.42,2.72,0.23,0.19,0.42,3.3,231946153
0.27,0.15,0.42,2.7,0.23,0.19,0.42,3.3,231957256
0.27,0.15,0.42,2.69,0.23,0.19,0.42,3.3,231968359
0.26,0.15,0.42,2.72,0.24,0.19,0.42,3.29,231979462
0.26,0.15,0.42,2.72,0.24,0.19,0.42,3.29,231990566
0.26,0.15,0.42,2.73,0.23,0.18,0.42,3.29,232001669
0.26,0.15,0.42,2.71,0.23,0.18,0.42,3.28,232012772
0.27,0.15,0.42,2.71,0.23,0.18,0.42,3.28,232023875
0.27,0.14,0.42,2.7,0.23,0.17,0.42,3.28,232034978
0.27,0.14,0.42,2.68,0.23,0.18,0.42,3.27,232046081
0.28,0.14,0.42,2.68,0.23,0.17,0.42,3.26,232057184
0.28,0.15,0.42,2.69,0.23,0.17,0.42,3.27,232068287
0.27,0.16,0.42,2.71,0.23,0.16,0.42,3.26,232079391
0.27,0.17,0.42,2.72,0.23,0.17,0.42,3.27,232090494
0.27,0.16,0.42,2.7,0.23,0.16,0.42,3.26,232101597
0.27,0.16,0.42,2.7,0.23,0.16,0.42,3.27,232112700
0.27,0.15,0.42,2.71,0.23,0.16,0.42,3.26,232123803
0.27,0.16,0.42,2.71,0.23,0.17,0.42,3.27,232134906
0.27,0.16,0.42,2.7,0.23,0.16,0.42,3.26,232146009
0.26,0.14,0.42,2.67,0.23,0.16,0.42,3.26,232157112
0.28,0.14,0.42,2.68,0.24,0.16,0.42,3.26,232168216
0.31,0.13,0.42,2.69,0.26,0.16,0.42,3.27,232179319
0.32,0.15,0.42,2.7,0.27,0.16,0.42,3.27,232190422
0.33,0.14,0.42,2.71,0.28,0.15,0.42,3.27,232201525
0.31,0.14,0.42,2.69,0.28,0.15,0.42,3.26,232212628
0.31,0.13,0.42,2.68,0.28,0.15,0.43,3.26,232223731
0.32,0.14,0.42,2.7,0.27,0.15,0.43,3.26,232234834
0.33,0.15,0.42,2.7,0.28,0.16,0.43,3.26,232245937
0.33,0.16,0.43,2.7,0.28,0.16,0.43,3.26,232257041
0.32,0.14,0.43,2.67,0.28,0.17,0.43,3.27,232268144
0.32,0.13,0.43,2.67,0.28,0.16,0.43,3.27,232279247
0.32,0.13,0.43,2.69,0.28,0.16,0.43,3.25,232290350
0.32,0.13,0.43,2.69,0.27,0.16,0.43,3.25,232301453
0.32,0.13,0.43,2.68,0.27,0.16,0.43,3.25,232312556
0.32,0.12,0.43,2.67,0.27,0.16,0.43,3.25,232323659
0.32,0.12,0.43,2.67,0.28,0.16,0.43,3.24,232334762
0.32,0.12,0.43,2.66,0.28,0.16,0.43,3.23,232345866
0.33,0.13,0.43,2.66,0.28,0.16,0.43,3.22,232356969
0.32,0.13,0.43,2.65,0.27,0.15,0.43,3.21,232368072
0.32,0.12,0.43,2.64,0.27,0.15,0.43,3.22,232379175
0.32,0.12,0.43,2.62,0.28,0.15,0.43,3.21,232390278
0.32,0.12,0.43,2.62,0.28,0.16,0.43,3.22,232401381
0.32,0.14,0.43,2.66,0.28,0.15,0.43,3.21,232412484
0.31,0.15,0.43,2.67,0.27,0.15,0.43,3.21,232423587
0.32,0.16,0.43,2.68,0.27,0.15,0.43,3.21,232434691
0.31,0.15,0.43,2.66,0.27,0.16,0.43,3.21,232445794
0.32,0.14,0.43,2.66,0.28,0.16,0.43,3.2,232456897
0.31,0.12,0.43,2.65,0.27,0.16,0.43,3.2,232468000
0.32,0.12,0.43,2.64,0.28,0.16,0.43,3.2,232479103
0.32,0.13,0.43,2.64,0.28,0.15,0.43,3.19,232490206
0.32,0.13,0.43,2.65,0.28,0.15,0.43,3.2,232501309
0.32,0.13,0.43,2.65,0.27,0.16,0.43,3.2,232512412
0.32,0.13,0.43,2.66,0.27,0.16,0.43,3.2,232523516
0.32,0.13,0.43,2.65,0.27,0.16,0.43,3.19,232534619
0.32,0.13,0.43,2.65,0.27,0.15,0.43,3.19,232545722
0.32,0.12,0.43,2.65,0.27,0.15,0.43,3.18,232556825
0.32,0.13,0.43,2.66,0.28,0.15,0.43,3.17,232567928
0.31,0.13,0.43,2.67,0.27,0.15,0.43,3.17,232579031
0.31,0.13,0.43,2.66,0.27,0.14,0.43,3.17,232590134
0.31,0.13,0.43,2.65,0.28,0.14,0.43,3.17,232601237
0.31,0.12,0.43,2.63,0.27,0.14,0.43,3.16,232612341
0.32,0.12,0.43,2.64,0.27,0.14,0.43,3.16,232623444
0.32,0.12,0.43,2.63,0.28,0.14,0.43,3.16,232634547
0.33,0.12,0.43,2.64,0.29,0.15,0.43,3.16,232645650
0.33,0.11,0.43,2.64,0.3,0.15,0.43,3.17,232656753
0.34,0.12,0.43,2.64,0.31,0.15,0.43,3.16,232667856
0.36,0.16,0.43,2.7,0.31,0.15,0.43,3.16,232678959
0.36,0.17,0.43,2.72,0.31,0.16,0.43,3.16,232690062
0.36,0.18,0.43,2.72,0.31,0.16,0.43,3.15,232701166
0.35,0.16,0.43,2.7,0.31,0.16,0.43,3.15,232712269
0.35,0.16,0.43,2.69,0.31,0.16,0.43,3.14,232723372
0.36,0.16,0.43,2.69,0.31,0.16,0.43,3.13,232734475
0.36,0.14,0.43,2.64,0.32,0.17,0.43,3.13,232745578
0.36,0.14,0.43,2.64,0.31,0.16,0.43,3.13,232756681
0.35,0.14,0.43,2.63,0.31,0.16,0.43,3.13,232767784
0.37,0.24,0.43,2.82,0.31,0.15,0.43,3.13,232778887
0.36,0.24,0.43,2.79,0.32,0.15,0.43,3.12,232789991
0.36,0.24,0.43,2.8,0.32,0.15,0.43,3.12,232801094
0.35,0.19,0.43,2.7,0.32,0.15,0.43,3.12,232812197
0.35,0.19,0.43,2.71,0.31,0.14,0.43,3.11,232823300
0.35,0.18,0.43,2.71,0.31,0.14,0.43,3.1,232834403
0.35,0.12,0.43,2.62,0.31,0.14,0.43,3.09,232845506
0.35,0.12,0.43,2.62,0.31,0.14,0.43,3.09,232856609
0.35,0.12,0.43,2.63,0.32,0.14,0.43,3.09,232867712
0.39,0.23,0.43,2.8,0.31,0.14,0.43,3.1,232878816
0.39,0.23,0.43,2.8,0.32,0.14,0.43,3.1,232889919
0.39,0.22,0.43,2.79,0.31,0.15,0.43,3.09,232901022
0.35,0.12,0.43,2.62,0.32,0.16,0.43,3.1,232912125
0.35,0.13,0.43,2.61,0.31,0.16,0.43,3.1,232923228
0.36,0.14,0.43,2.63,0.32,0.16,0.43,3.1,232934331
0.36,0.14,0.42,2.62,0.31,0.15,0.43,3.09,232945434
0.36,0.13,0.42,2.63,0.31,0.16,0.43,3.1,232956537
0.36,0.15,0.42,2.63,0.31,0.17,0.43,3.1,232967641
0.37,0.23,0.42,2.79,0.31,0.18,0.43,3.11,232978744
0.37,0.22,0.42,2.78,0.31,0.18,0.43,3.11,232989847
0.37,0.21,0.42,2.77,0.32,0.17,0.43,3.11,233000950
0.35,0.12,0.42,2.6,0.32,0.16,0.43,3.1,233012053
0.35,0.12,0.42,2.61,0.31,0.15,0.43,3.1,233023156
0.35,0.12,0.42,2.6,0.32,0.16,0.43,3.1,233034259
0.37,0.17,0.42,2.71,0.31,0.17,0.42,3.11,233045362
0.37,0.18,0.42,2.7,0.32,0.16,0.42,3.11,233056466
0.37,0.18,0.42,2.71,0.31,0.16,0.42,3.11,233067569
0.39,0.23,0.42,2.81,0.31,0.16,0.42,3.12,233078672
0.38,0.24,0.42,2.83,0.31,0.16,0.43,3.13,233089775
0.38,0.24,0.42,2.83,0.32,0.16,0.43,3.13,233100878
0.36,0.17,0.42,2.69,0.31,0.15,0.43,3.13,233111981
0.35,0.15,0.42,2.68,0.32,0.16,0.43,3.12,233123084
0.36,0.16,0.42,2.7,0.32,0.15,0.43,3.13,233134187
0.38,0.22,0.42,2.85,0.32,0.15,0.43,3.13,233145291
0.38,0.22,0.42,2.84,0.32,0.15,0.43,3.13,233156394
0.38,0.22,0.42,2.83,0.32,0.16,0.43,3.13,233167497
0.37,0.19,0.42,2.74,0.32,0.16,0.43,3.13,233178600
0.37,0.19,0.42,2.75,0.32,0.16,0.43,3.13,233189703
0.37,0.18,0.42,2.75,0.32,0.17,0.43,3.13,233200806
0.32,0.14,0.42,2.66,0.3,0.16,0.43,3.12,233211909
0.28,0.15,0.42,2.64,0.25,0.18,0.42,3.12,233223012
0.25,0.17,0.42,2.64,0.22,0.2,0.42,3.12,233234116
0.14,0.2,0.42,2.66,0.14,0.22,0.43,3.13,233245219
0.1,0.2,0.43,2.66,0.08,0.22,0.43,3.14,233256322
0.1,0.2,0.43,2.65,0.07,0.23,0.43,3.14,233267425
0.1,0.21,0.43,2.63,0.07,0.24,0.43,3.14,233278528
0.1,0.21,0.42,2.62,0.07,0.24,0.43,3.13,233289631
0.1,0.21,0.42,2.63,0.07,0.25,0.43,3.12,233300734
0.1,0.19,0.42,2.63,0.07,0.25,0.43,3.13,233311837
0.1,0.19,0.42,2.62,0.08,0.25,0.43,3.13,233322941
0.1,0.21,0.42,2.66,0.08,0.24,0.43,3.13,233334044
0.1,0.23,0.42,2.67,0.08,0.23,0.43,3.12,233345147
0.11,0.23,0.42,2.66,0.07,0.23,0.43,3.12,233356250
0.1,0.21,0.42,2.63,0.07,0.23,0.43,3.11,233367353
0.1,0.21,0.42,2.63,0.08,0.24,0.43,3.11,233378456
0.1,0.22,0.42,2.63,0.08,0.24,0.43,3.12,233389559
0.11,0.23,0.42,2.63,0.07,0.24,0.43,3.11,233400662
0.1,0.23,0.42,2.64,0.07,0.24,0.42,3.12,233411766
0.09,0.23,0.42,2.64,0.06,0.24,0.42,3.13,233422869
0.09,0.23,0.42,2.64,0.06,0.24,0.42,3.13,233433972
0.09,0.23,0.42,2.64,0.06,0.25,0.42,3.13,233445075
0.09,0.24,0.42,2.64,0.06,0.25,0.42,3.14,233456178
0.09,0.24,0.42,2.65,0.06,0.25,0.43,3.13,233467281
0.09,0.24,0.42,2.65,0.06,0.25,0.43,3.14,233478384
0.08,0.24,0.42,2.65,0.05,0.25,0.43,3.13,233489487
0.08,0.24,0.42,2.64,0.06,0.24,0.43,3.14,233500591
0.08,0.23,0.42,2.64,0.06,0.24,0.43,3.14,233511694
0.08,0.23,0.42,2.62,0.06,0.24,0.43,3.15,233522797
0.09,0.23,0.42,2.64,0.05,0.24,0.43,3.15,233533900
0.09,0.24,0.42,2.65,0.05,0.24,0.43,3.14,233545003
0.09,0.25,0.42,2.67,0.05,0.24,0.43,3.13,233556106
0.09,0.24,0.42,2.66,0.06,0.24,0.43,3.14,233567209
0.09,0.23,0.42,2.66,0.06,0.24,0.43,3.15,233578312
0.08,0.23,0.42,2.66,0.06,0.24,0.43,3.15,233589416
0.08,0.23,0.42,2.67,0.05,0.25,0.43,3.15,233600519
0.08,0.23,0.42,2.67,0.06,0.25,0.43,3.15,233611622
0.09,0.24,0.42,2.68,0.06,0.26,0.43,3.16,233622725
0.09,0.23,0.42,2.67,0.05,0.26,0.43,3.17,233633828
0.09,0.24,0.42,2.69,0.05,0.26,0.43,3.16,233644931
0.09,0.23,0.42,2.69,0.05,0.26,0.43,3.16,233656034
0.09,0.23,0.42,2.7,0.06,0.26,0.43,3.16,233667137
0.09,0.24,0.42,2.72,0.06,0.25,0.43,3.18,233678241
0.09,0.24,0.42,2.71,0.05,0.25,0.43,3.19,233689344
0.09,0.24,0.42,2.72,0.06,0.25,0.43,3.2,233700447
0.1,0.22,0.42,2.72,0.08,0.26,0.43,3.2,233711550
0.12,0.23,0.42,2.75,0.09,0.26,0.43,3.2,233722653
0.13,0.24,0.42,2.74,0.09,0.25,0.43,3.2,233733756
0.14,0.23,0.42,2.73,0.09,0.25,0.43,3.21,233744859
0.14,0.22,0.43,2.74,0.09,0.25,0.43,3.21,233755962
0.14,0.22,0.43,2.75,0.09,0.26,0.43,3.21,233767066
0.13,0.23,0.43,2.74,0.09,0.25,0.43,3.21,233778169
0.13,0.22,0.42,2.72,0.09,0.25,0.43,3.21,233789272
0.13,0.23,0.42,2.71,0.09,0.25,0.43,3.21,233800375
0.12,0.22,0.42,2.72,0.09,0.25,0.43,3.2,233811478
0.12,0.22,0.42,2.72,0.09,0.25,0.43,3.21,233822581
0.12,0.22,0.42,2.72,0.09,0.24,0.43,3.21,233833684
0.12,0.2,0.42,2.7,0.09,0.24,0.43,3.22,233844787
0.12,0.2,0.43,2.72,0.09,0.23,0.43,3.21,233855891
0.12,0.21,0.43,2.72,0.09,0.24,0.43,3.21,233866994
0.13,0.2,0.43,2.71,0.09,0.24,0.43,3.21,233878097
0.13,0.2,0.43,2.72,0.09,0.24,0.43,3.21,233889200
0.13,0.2,0.43,2.73,0.09,0.24,0.43,3.22,233900303
0.13,0.21,0.43,2.74,0.09,0.23,0.43,3.22,233911406
0.12,0.22,0.43,2.73,0.1,0.23,0.43,3.21,233922509
0.12,0.22,0.43,2.72,0.1,0.23,0.43,3.21,233933612
0.12,0.22,0.43,2.7,0.09,0.23,0.43,3.2,233944716
0.12,0.22,0.43,2.71,0.09,0.23,0.43,3.2,233955819
0.12,0.22,0.43,2.7,0.09,0.22,0.43,3.2,233966922
0.12,0.22,0.43,2.72,0.09,0.22,0.43,3.2,233978025
0.13,0.22,0.43,2.71,0.09,0.22,0.43,3.21,233989128
0.13,0.22,0.43,2.71,0.09,0.23,0.43,3.2,234000231
0.13,0.21,0.43,2.69,0.09,0.23,0.43,3.18,234011334
0.13,0.21,0.43,2.69,0.09,0.24,0.43,3.18,234022437
0.13,0.21,0.43,2.68,0.09,0.25,0.43,3.17,234033541
0.13,0.23,0.43,2.71,0.09,0.24,0.43,3.17,234044644
0.13,0.25,0.43,2.7,0.09,0.25,0.43,3.18,234055747
0.13,0.24,0.43,2.7,0.09,0.24,0.43,3.18,234066850
0.13,0.23,0.43,2.69,0.09,0.24,0.43,3.18,234077953
0.13,0.21,0.43,2.69,0.09,0.24,0.43,3.18,234089056
0.13,0.21,0.43,2.7,0.09,0.24,0.43,3.18,234100159
0.13,0.21,0.43,2.69,0.09,0.23,0.43,3.18,234111262
0.12,0.21,0.43,2.69,0.09,0.22,0.43,3.18,234122366
0.12,0.21,0.43,2.68,0.09,0.23,0.43,3.17,234133469
0.12,0.21,0.43,2.68,0.09,0.24,0.43,3.17,234144572
0.12,0.2,0.43,2.67,0.09,0.23,0.43,3.17,234155675
0.11,0.21,0.43,2.68,0.09,0.23,0.43,3.16,234166778
0.11,0.21,0.43,2.69,0.09,0.23,0.43,3.18,234177881
0.12,0.22,0.43,2.69,0.09,0.23,0.43,3.18,234188984
0.12,0.22,0.43,2.69,0.09,0.23,0.43,3.17,234200087
0.15,0.22,0.43,2.68,0.11,0.24,0.43,3.17,234211191
0.16,0.22,0.43,2.67,0.13,0.24,0.43,3.16,234222294
0.17,0.22,0.43,2.66,0.13,0.23,0.43,3.16,234233397
0.17,0.2,0.43,2.66,0.14,0.22,0.43,3.16,234244500
0.17,0.21,0.43,2.68,0.14,0.22,0.43,3.16,234255603
0.17,0.2,0.43,2.67,0.14,0.22,0.43,3.15,234266706
0.17,0.19,0.43,2.66,0.14,0.22,0.43,3.14,234277809
0.17,0.18,0.43,2.65,0.14,0.21,0.43,3.13,234288912
0.17,0.2,0.43,2.68,0.14,0.21,0.43,3.13,234300016
0.17,0.2,0.43,2.66,0.14,0.22,0.43,3.14,234311119
0.17,0.21,0.43,2.65,0.14,0.22,0.43,3.13,234322222
0.17,0.19,0.43,2.62,0.14,0.22,0.43,3.12,234333325
0.17,0.19,0.43,2.63,0.14,0.22,0.43,3.12,234344428
0.17,0.2,0.43,2.63,0.14,0.22,0.43,3.12,234355531
0.18,0.21,0.43,2.63,0.14,0.22,0.43,3.12,234366634
0.17,0.21,0.43,2.62,0.14,0.23,0.43,3.12,234377737
0.18,0.22,0.43,2.6,0.14,0.23,0.43,3.11,234388841
0.17,0.21,0.43,2.6,0.14,0.23,0.43,3.1,234399944
0.18,0.22,0.43,2.58,0.14,0.23,0.43,3.09,234411047
0.18,0.22,0.42,2.6,0.14,0.23,0.43,3.09,234422150
0.18,0.22,0.42,2.59,0.14,0.23,0.43,3.08,234433253
0.18,0.21,0.42,2.6,0.14,0.23,0.43,3.08,234444356
0.17,0.2,0.42,2.58,0.14,0.23,0.42,3.08,234455459
0.18,0.21,0.42,2.59,0.15,0.23,0.42,3.08,234466562
0.17,0.22,0.42,2.57,0.15,0.23,0.42,3.07,234477666
0.18,0.22,0.42,2.58,0.14,0.24,0.42,3.06,234488769
0.18,0.21,0.42,2.57,0.15,0.24,0.42,3.06,234499872
0.18,0.22,0.42,2.59,0.14,0.23,0.42,3.05,234510975
0.17,0.22,0.42,2.56,0.15,0.23,0.42,3.06,234522078
0.18,0.22,0.42,2.57,0.15,0.23,0.42,3.05,234533181
0.17,0.21,0.42,2.57,0.15,0.23,0.42,3.05,234544284
0.17,0.21,0.42,2.59,0.15,0.23,0.42,3.04,234555387
0.18,0.21,0.42,2.59,0.15,0.23,0.42,3.05,234566491
0.18,0.21,0.42,2.6,0.15,0.24,0.42,3.04,234577594
0.18,0.2,0.42,2.58,0.15,0.24,0.42,3.04,234588697
0.18,0.21,0.42,2.58,0.15,0.24,0.42,3.04,234599800
0.17,0.21,0.42,2.55,0.15,0.23,0.42,3.04,234610903
0.17,0.22,0.42,2.58,0.15,0.23,0.42,3.05,234622006
0.17,0.22,0.42,2.57,0.15,0.23,0.42,3.03,234633109
0.17,0.23,0.42,2.59,0.14,0.23,0.42,3.03,234644212
0.18,0.22,0.42,2.59,0.15,0.23,0.42,3.02,234655316
0.19,0.23,0.42,2.59,0.17,0.23,0.42,3.02,234666419
0.21,0.22,0.42,2.58,0.19,0.24,0.42,3.01,234677522
0.23,0.22,0.42,2.59,0.2,0.25,0.42,3.01,234688625
0.23,0.22,0.42,2.6,0.2,0.25,0.42,3.01,234699728
0.22,0.22,0.42,2.6,0.2,0.25,0.42,3.01,234710831
0.22,0.2,0.42,2.57,0.2,0.25,0.42,3.01,234721934
0.22,0.2,0.42,2.58,0.2,0.25,0.42,3.01,234733037
0.22,0.2,0.42,2.55,0.2,0.24,0.42,3.01,234744141
0.22,0.2,0.42,2.57,0.19,0.24,0.42,3.01,234755244
0.22,0.2,0.42,2.56,0.19,0.24,0.42,3.01,234766347
0.22,0.22,0.42,2.57,0.19,0.24,0.42,3,234777450
0.22,0.21,0.42,2.56,0.19,0.24,0.42,3,234788553
0.22,0.21,0.42,2.57,0.2,0.24,0.42,3,234799656
0.23,0.22,0.42,2.57,0.2,0.24,0.42,2.99,234810759
0.23,0.23,0.42,2.57,0.2,0.25,0.42,2.99,234821862
0.23,0.23,0.42,2.57,0.2,0.24,0.42,2.99,234832966
0.23,0.22,0.42,2.57,0.2,0.25,0.42,3,234844069
0.23,0.22,0.42,2.57,0.2,0.25,0.42,2.99,234855172
0.22,0.21,0.42,2.56,0.2,0.25,0.42,2.99,234866275
0.22,0.2,0.42,2.55,0.2,0.25,0.42,2.99,234877378
0.22,0.2,0.42,2.55,0.2,0.25,0.42,2.99,234888481
0.22,0.2,0.42,2.56,0.2,0.24,0.42,2.97,234899584
0.21,0.19,0.42,2.54,0.2,0.24,0.42,2.98,234910687
0.22,0.19,0.42,2.52,0.2,0.24,0.42,2.99,234921791
0.22,0.2,0.42,2.52,0.19,0.25,0.42,2.99,234932894
0.21,0.21,0.42,2.53,0.2,0.25,0.42,2.98,234943997
0.22,0.22,0.42,2.55,0.2,0.25,0.42,2.97,234955100
0.22,0.21,0.42,2.55,0.2,0.23,0.42,2.97,234966203
0.23,0.21,0.42,2.55,0.2,0.24,0.42,2.97,234977306
0.23,0.21,0.42,2.56,0.2,0.24,0.42,2.97,234988409
0.23,0.21,0.42,2.57,0.19,0.24,0.42,2.98,234999512
0.23,0.21,0.42,2.59,0.2,0.24,0.42,2.97,235010616
0.22,0.21,0.42,2.57,0.2,0.24,0.42,2.98,235021719
0.22,0.21,0.42,2.57,0.2,0.24,0.42,2.98,235032822
0.22,0.2,0.42,2.55,0.2,0.24,0.42,2.97,235043925
0.22,0.21,0.42,2.57,0.2,0.23,0.42,2.98,235055028
0.21,0.2,0.42,2.56,0.19,0.24,0.42,2.99,235066131
0.22,0.2,0.42,2.56,0.19,0.24,0.42,3,235077234
0.22,0.19,0.42,2.56,0.19,0.24,0.42,2.99,235088337
0.22,0.21,0.42,2.56,0.19,0.23,0.42,2.99,235099441
0.22,0.21,0.42,2.55,0.19,0.24,0.42,2.99,235110544
0.23,0.21,0.42,2.56,0.2,0.24,0.42,3,235121647
0.23,0.2,0.42,2.56,0.21,0.24,0.42,3,235132750
0.25,0.21,0.42,2.58,0.23,0.25,0.42,3,235143853
0.26,0.22,0.42,2.59,0.24,0.26,0.42,3,235154956
0.26,0.22,0.42,2.58,0.23,0.26,0.42,2.99,235166059
0.26,0.2,0.42,2.58,0.23,0.27,0.42,3,235177162
0.27,0.21,0.42,2.58,0.23,0.26,0.42,3,235188266
0.27,0.21,0.42,2.58,0.24,0.26,0.42,3,235199369
0.27,0.22,0.42,2.56,0.23,0.26,0.42,3,235210472
0.26,0.21,0.42,2.56,0.23,0.26,0.42,3,235221575
0.27,0.21,0.42,2.56,0.24,0.26,0.42,3.01,235232678
0.26,0.21,0.42,2.57,0.23,0.25,0.42,3.02,235243781
0.26,0.21,0.42,2.56,0.23,0.25,0.42,3.02,235254884
0.27,0.23,0.42,2.6,0.23,0.24,0.42,3.02,235265987
0.27,0.22,0.42,2.59,0.23,0.24,0.42,3.02,235277091
0.27,0.2,0.42,2.57,0.23,0.24,0.42,3.02,235288194
0.26,0.18,0.42,2.54,0.23,0.25,0.42,3.01,235299297
0.26,0.19,0.42,2.55,0.24,0.25,0.42,3.01,235310400
0.26,0.21,0.42,2.58,0.24,0.25,0.42,3.01,235321503
0.27,0.22,0.42,2.59,0.24,0.25,0.42,3.02,235332606
0.27,0.21,0.42,2.59,0.23,0.24,0.42,3.02,235343709
0.26,0.2,0.42,2.57,0.23,0.24,0.42,3.02,235354812
0.26,0.19,0.42,2.55,0.24,0.24,0.42,3.02,235365916
0.26,0.21,0.42,2.55,0.24,0.24,0.42,3.02,235377019
0.26,0.22,0.42,2.57,0.24,0.24,0.42,3.02,235388122
0.26,0.21,0.42,2.56,0.24,0.23,0.42,3.01,235399225
0.27,0.21,0.42,2.56,0.24,0.24,0.42,3.02,235410328
0.26,0.2,0.42,2.55,0.24,0.25,0.43,3.02,235421431
0.26,0.21,0.42,2.57,0.24,0.25,0.43,3.02,235432534
0.25,0.2,0.42,2.56,0.24,0.25,0.43,3.01,235443637
0.25,0.19,0.42,2.55,0.24,0.25,0.43,3.02,235454741
0.26,0.19,0.42,2.56,0.24,0.24,0.43,3.03,235465844
0.26,0.19,0.42,2.55,0.24,0.24,0.43,3.02,235476947
0.27,0.21,0.42,2.57,0.24,0.25,0.43,3.02,235488050
0.26,0.2,0.42,2.56,0.23,0.25,0.43,3.02,235499153
0.25,0.2,0.42,2.55,0.23,0.25,0.43,3.02,235510256
0.24,0.18,0.42,2.51,0.23,0.24,0.42,3.02,235521359
0.25,0.18,0.42,2.53,0.23,0.24,0.42,3.03,235532462
0.25,0.19,0.42,2.56,0.24,0.24,0.42,3.04,235543566
0.26,0.21,0.42,2.6,0.24,0.25,0.42,3.03,235554669
0.26,0.21,0.42,2.6,0.24,0.25,0.42,3.03,235565772
0.28,0.21,0.42,2.58,0.25,0.26,0.42,3.04,235576875
0.3,0.2,0.42,2.54,0.27,0.25,0.42,3.04,235587978
0.31,0.21,0.42,2.56,0.28,0.26,0.42,3.04,235599081
0.31,0.2,0.42,2.56,0.28,0.27,0.42,3.04,235610184
0.3,0.2,0.42,2.57,0.27,0.27,0.43,3.04,235621287
0.3,0.19,0.42,2.57,0.27,0.27,0.43,3.04,235632391
0.3,0.2,0.42,2.57,0.28,0.26,0.42,3.03,235643494
0.3,0.2,0.42,2.57,0.28,0.27,0.42,3.04,235654597
0.3,0.2,0.42,2.59,0.28,0.25,0.42,3.04,235665700
0.3,0.2,0.42,2.58,0.27,0.26,0.42,3.05,235676803
0.3,0.2,0.42,2.58,0.28,0.26,0.42,3.04,235687906
0.3,0.19,0.42,2.56,0.28,0.25,0.42,3.04,235699009
0.31,0.2,0.42,2.56,0.27,0.25,0.42,3.04,235710112
0.31,0.2,0.42,2.55,0.27,0.25,0.42,3.03,235721216
0.31,0.2,0.42,2.55,0.27,0.27,0.42,3.03,235732319
0.31,0.21,0.42,2.56,0.27,0.26,0.42,3.02,235743422
0.31,0.22,0.42,2.56,0.27,0.26,0.42,3.03,235754525
0.31,0.22,0.42,2.56,0.27,0.26,0.42,3.03,235765628
0.3,0.22,0.42,2.55,0.27,0.27,0.42,3.03,235776731
0.3,0.22,0.42,2.55,0.27,0.27,0.42,3.02,235787834
0.3,0.21,0.42,2.54,0.27,0.26,0.42,3.02,235798937
0.3,0.21,0.42,2.54,0.27,0.26,0.42,3.02,235810041
0.31,0.21,0.42,2.55,0.27,0.27,0.42,3.03,235821144
0.3,0.21,0.42,2.56,0.27,0.26,0.42,3.03,235832247
0.31,0.2,0.42,2.55,0.27,0.27,0.42,3.03,235843350
0.3,0.19,0.42,2.51,0.27,0.27,0.42,3.02,235854453
0.3,0.19,0.42,2.51,0.28,0.27,0.42,3.02,235865556
0.3,0.2,0.42,2.52,0.28,0.26,0.42,3.02,235876659
0.31,0.21,0.42,2.56,0.27,0.26,0.42,3.02,235887762
0.31,0.2,0.42,2.55,0.27,0.26,0.42,3.01,235898866
0.3,0.2,0.42,2.54,0.27,0.27,0.42,3,235909969
0.31,0.2,0.42,2.54,0.28,0.27,0.42,3,235921072
0.32,0.22,0.42,2.57,0.3,0.26,0.42,3,235932175
0.34,0.21,0.42,2.58,0.31,0.25,0.42,2.99,235943278
0.35,0.21,0.42,2.59,0.32,0.25,0.42,3,235954381
0.35,0.21,0.42,2.58,0.32,0.25,0.42,3,235965484
0.36,0.19,0.42,2.56,0.32,0.25,0.42,3,235976587
0.36,0.18,0.42,2.53,0.33,0.25,0.42,3.01,235987691
0.36,0.19,0.42,2.53,0.33,0.24,0.42,3.01,235998794
0.36,0.19,0.42,2.53,0.33,0.24,0.42,3,236009897
0.37,0.2,0.42,2.54,0.33,0.24,0.42,3,236021000
0.36,0.19,0.42,2.55,0.32,0.24,0.42,2.99,236032103
0.36,0.28,0.42,2.67,0.32,0.25,0.42,2.99,236043206
0.36,0.27,0.42,2.68,0.32,0.25,0.42,2.98,236054309
0.36,0.27,0.42,2.67,0.33,0.26,0.42,2.99,236065412
0.35,0.2,0.42,2.56,0.33,0.26,0.42,2.99,236076516
0.35,0.22,0.42,2.57,0.32,0.25,0.42,3,236087619
0.35,0.23,0.42,2.58,0.33,0.25,0.42,3,236098722
0.38,0.3,0.42,2.71,0.32,0.24,0.42,3,236109825
0.38,0.29,0.42,2.68,0.32,0.24,0.42,3,236120928
0.37,0.28,0.42,2.66,0.32,0.23,0.42,3,236132031
0.35,0.19,0.42,2.53,0.32,0.24,0.42,3,236143134
0.34,0.19,0.42,2.54,0.32,0.23,0.42,3,236154237
0.35,0.2,0.42,2.58,0.32,0.24,0.42,3.01,236165341
0.35,0.21,0.42,2.58,0.33,0.24,0.42,3,236176444
0.36,0.21,0.42,2.59,0.32,0.24,0.42,3,236187547
0.35,0.19,0.42,2.54,0.32,0.23,0.42,3,236198650
0.36,0.26,0.42,2.66,0.32,0.23,0.42,3,236209753
0.36,0.25,0.42,2.66,0.32,0.23,0.42,2.99,236220856
0.36,0.27,0.42,2.68,0.32,0.23,0.42,2.98,236231959
0.37,0.24,0.42,2.65,0.32,0.23,0.42,2.98,236243062
0.37,0.25,0.42,2.66,0.32,0.23,0.42,3,236254166
0.37,0.26,0.42,2.68,0.32,0.23,0.42,2.99,236265269
0.38,0.32,0.42,2.8,0.33,0.24,0.42,2.99,236276372
0.38,0.33,0.42,2.81,0.32,0.25,0.42,2.99,236287475
0.38,0.34,0.42,2.82,0.32,0.25,0.42,2.99,236298578
0.36,0.26,0.42,2.68,0.32,0.24,0.42,2.99,236309681
0.37,0.25,0.42,2.66,0.32,0.23,0.42,2.99,236320784
0.36,0.23,0.42,2.63,0.32,0.23,0.42,2.99,236331887
0.38,0.27,0.42,2.72,0.34,0.23,0.42,2.99,236342991
0.39,0.27,0.42,2.7,0.35,0.23,0.42,3,236354094
0.4,0.27,0.42,2.7,0.36,0.24,0.42,3,236365197
0.4,0.18,0.42,2.56,0.36,0.24,0.42,2.99,236376300
0.4,0.19,0.42,2.56,0.36,0.24,0.42,2.99,236387403
0.41,0.19,0.42,2.58,0.36,0.24,0.42,2.99,236398506
0.42,0.27,0.42,2.69,0.36,0.23,0.42,2.99,236409609
0.42,0.28,0.42,2.68,0.36,0.24,0.42,2.98,236420712
0.42,0.27,0.42,2.67,0.36,0.23,0.42,2.99,236431816
0.42,0.3,0.42,2.72,0.36,0.24,0.42,2.99,236442919
0.43,0.29,0.42,2.73,0.36,0.24,0.42,3,236454022
0.43,0.29,0.42,2.73,0.36,0.25,0.42,3,236465125
0.43,0.3,0.42,2.74,0.36,0.25,0.42,3,236476228
0.43,0.3,0.42,2.73,0.36,0.25,0.42,3,236487331
0.43,0.3,0.42,2.74,0.36,0.26,0.42,2.98,236498434
0.42,0.29,0.42,2.72,0.36,0.26,0.42,2.99,236509537
0.43,0.3,0.42,2.74,0.36,0.26,0.42,2.98,236520641
0.43,0.3,0.42,2.74,0.36,0.26,0.42,2.99,236531744
0.42,0.3,0.42,2.72,0.37,0.26,0.42,2.98,236542847
0.42,0.3,0.42,2.71,0.37,0.26,0.42,2.98,236553950
0.42,0.3,0.42,2.71,0.37,0.27,0.42,2.97,236565053
0.42,0.3,0.42,2.71,0.36,0.27,0.42,2.97,236576156
0.42,0.3,0.42,2.69,0.36,0.26,0.42,2.97,236587259
0.42,0.29,0.42,2.7,0.36,0.26,0.42,2.96,236598362
0.4,0.21,0.42,2.56,0.36,0.26,0.42,2.95,236609466
0.4,0.2,0.42,2.56,0.36,0.26,0.42,2.95,236620569
0.4,0.21,0.42,2.56,0.37,0.26,0.42,2.95,236631672
0.4,0.19,0.42,2.55,0.37,0.25,0.42,2.94,236642775
0.4,0.19,0.42,2.53,0.37,0.26,0.42,2.95,236653878
0.4,0.2,0.42,2.54,0.37,0.26,0.42,2.95,236664981
0.4,0.2,0.42,2.54,0.37,0.26,0.42,2.95,236676084
0.39,0.21,0.42,2.54,0.37,0.26,0.42,2.94,236687187
0.39,0.21,0.42,2.54,0.37,0.26,0.42,2.94,236698291
0.4,0.2,0.42,2.53,0.37,0.26,0.42,2.95,236709394
0.4,0.2,0.42,2.53,0.37,0.26,0.42,2.96,236720497
0.4,0.19,0.42,2.53,0.36,0.27,0.42,2.96,236731600
0.4,0.2,0.42,2.54,0.36,0.27,0.42,2.95,236742703
0.4,0.2,0.42,2.54,0.37,0.28,0.42,2.94,236753806
0.41,0.21,0.42,2.54,0.37,0.28,0.42,2.95,236764909
0.41,0.21,0.42,2.54,0.37,0.28,0.42,2.95,236776012
0.41,0.21,0.42,2.53,0.37,0.28,0.42,2.96,236787116
0.4,0.21,0.41,2.54,0.37,0.27,0.42,2.96,236798219
0.41,0.27,0.41,2.64,0.37,0.28,0.42,2.96,236809322
0.41,0.27,0.41,2.64,0.38,0.28,0.42,2.96,236820425
0.43,0.27,0.41,2.66,0.4,0.26,0.42,2.96,236831528
0.45,0.21,0.41,2.5,0.44,0.23,0.41,2.95,236842631
0.51,0.18,0.41,2.49,0.51,0.21,0.42,2.94,236853734
0.54,0.16,0.41,2.48,0.57,0.19,0.42,2.95,236864837
0.56,0.15,0.42,2.4,0.59,0.17,0.42,2.93,236875941
0.56,0.14,0.42,2.37,0.59,0.16,0.42,2.93,236887044
0.56,0.15,0.42,2.38,0.59,0.16,0.42,2.93,236898147
0.59,0.15,0.42,2.45,0.59,0.16,0.42,2.93,236909250
0.59,0.16,0.42,2.47,0.59,0.17,0.42,2.93,236920353
0.59,0.15,0.42,2.46,0.59,0.17,0.42,2.93,236931456
0.56,0.16,0.42,2.4,0.59,0.17,0.42,2.93,236942559
0.56,0.16,0.42,2.41,0.59,0.17,0.42,2.94,236953662
0.56,0.16,0.42,2.42,0.59,0.17,0.42,2.94,236964766
0.57,0.17,0.42,2.42,0.59,0.17,0.42,2.94,236975869
0.58,0.16,0.42,2.4,0.59,0.16,0.42,2.94,236986972
0.58,0.17,0.42,2.42,0.59,0.16,0.42,2.94,236998075
0.59,0.15,0.42,2.45,0.59,0.17,0.42,2.94,237009178
0.58,0.15,0.42,2.45,0.59,0.17,0.42,2.93,237020281
0.58,0.13,0.42,2.41,0.59,0.17,0.42,2.94,237031384
0.56,0.14,0.42,2.37,0.59,0.17,0.42,2.94,237042487
0.55,0.16,0.42,2.39,0.59,0.17,0.42,2.94,237053591
0.56,0.18,0.42,2.41,0.59,0.16,0.42,2.94,237064694
0.59,0.16,0.42,2.49,0.59,0.17,0.42,2.93,237075797
0.6,0.15,0.42,2.49,0.59,0.17,0.42,2.93,237086900
0.6,0.14,0.42,2.47,0.59,0.18,0.42,2.94,237098003
0.62,0.15,0.41,2.51,0.59,0.19,0.42,2.95,237109106
0.63,0.15,0.41,2.53,0.6,0.2,0.42,2.95,237120209
0.63,0.16,0.41,2.53,0.6,0.22,0.42,2.95,237131312
0.63,0.13,0.41,2.5,0.6,0.22,0.42,2.95,237142416
0.62,0.15,0.42,2.5,0.6,0.23,0.42,2.96,237153519
0.62,0.16,0.42,2.52,0.6,0.23,0.42,2.96,237164622
0.6,0.19,0.42,2.48,0.6,0.22,0.42,2.96,237175725
0.6,0.19,0.41,2.48,0.6,0.22,0.42,2.96,237186828
0.6,0.18,0.41,2.48,0.6,0.21,0.42,2.96,237197931
0.57,0.17,0.41,2.39,0.59,0.21,0.42,2.95,237209034
0.58,0.18,0.41,2.39,0.59,0.21,0.42,2.96,237220137
0.58,0.18,0.41,2.41,0.59,0.21,0.42,2.96,237231241
0.59,0.19,0.41,2.48,0.6,0.22,0.42,2.96,237242344
0.6,0.18,0.41,2.49,0.6,0.22,0.42,2.96,237253447
0.6,0.18,0.41,2.48,0.6,0.22,0.41,2.97,237264550
0.59,0.17,0.41,2.46,0.6,0.22,0.41,2.97,237275653
0.59,0.18,0.41,2.46,0.6,0.22,0.41,2.98,237286756
0.59,0.18,0.41,2.45,0.6,0.23,0.41,2.99,237297859
0.58,0.19,0.41,2.46,0.6,0.23,0.41,3,237308962
0.58,0.19,0.41,2.47,0.6,0.22,0.41,3,237320066
0.58,0.2,0.41,2.48,0.6,0.22,0.41,3.01,237331169
0.58,0.19,0.41,2.48,0.6,0.22,0.41,3.01,237342272
0.58,0.21,0.41,2.5,0.6,0.22,0.41,3.02,237353375
0.58,0.21,0.41,2.51,0.6,0.22,0.41,3.02,237364478
0.6,0.21,0.41,2.54,0.6,0.22,0.41,3.01,237375581
0.6,0.19,0.41,2.52,0.6,0.22,0.41,3.02,237386684
0.6,0.2,0.41,2.51,0.6,0.23,0.41,3.02,237397787
0.58,0.2,0.41,2.48,0.6,0.23,0.41,3.03,237408891
0.58,0.19,0.41,2.49,0.6,0.24,0.41,3.02,237419994
0.59,0.18,0.41,2.5,0.59,0.24,0.41,3.01,237431097
0.62,0.19,0.41,2.6,0.59,0.24,0.41,3.01,237442200
0.62,0.21,0.41,2.6,0.59,0.24,0.41,3.02,237453303
0.61,0.21,0.41,2.57,0.6,0.24,0.41,3.03,237464406
0.61,0.21,0.41,2.53,0.6,0.23,0.41,3.03,237475509
0.61,0.21,0.41,2.53,0.6,0.22,0.41,3.02,237486612
0.61,0.22,0.41,2.52,0.6,0.23,0.41,3.01,237497716
0.58,0.21,0.41,2.45,0.59,0.24,0.41,3.01,237508819
0.58,0.21,0.41,2.44,0.6,0.24,0.41,3.01,237519922
0.58,0.21,0.41,2.44,0.6,0.24,0.41,3.01,237531025
0.62,0.21,0.41,2.53,0.6,0.24,0.41,3.01,237542128
0.61,0.22,0.41,2.59,0.59,0.24,0.41,3.01,237553231
0.61,0.22,0.41,2.58,0.6,0.23,0.41,3.01,237564334
0.61,0.21,0.41,2.6,0.6,0.23,0.41,3.01,237575437
0.62,0.19,0.41,2.54,0.6,0.23,0.41,3,237586541
0.62,0.19,0.41,2.55,0.6,0.23,0.41,3,237597644
0.62,0.19,0.41,2.54,0.6,0.23,0.41,2.99,237608747
0.62,0.18,0.41,2.55,0.61,0.23,0.41,3,237619850
0.62,0.18,0.41,2.56,0.61,0.24,0.41,2.99,237630953
0.59,0.19,0.41,2.48,0.61,0.23,0.41,3,237642056
0.59,0.18,0.41,2.45,0.6,0.23,0.41,3,237653159
0.59,0.19,0.41,2.45,0.61,0.24,0.41,3.01,237664262
0.62,0.18,0.41,2.5,0.61,0.24,0.41,3,237675366
0.62,0.2,0.41,2.52,0.61,0.24,0.41,3,237686469
0.62,0.19,0.41,2.52,0.61,0.24,0.41,2.98,237697572
0.59,0.19,0.41,2.46,0.61,0.24,0.41,2.98,237708675
0.59,0.22,0.41,2.5,0.61,0.25,0.41,2.97,237719778
0.6,0.22,0.41,2.48,0.61,0.24,0.41,2.97,237730881
0.63,0.22,0.41,2.53,0.6,0.25,0.41,2.96,237741984
0.62,0.19,0.41,2.48,0.6,0.24,0.41,2.97,237753087
0.62,0.19,0.41,2.48,0.6,0.25,0.41,2.96,237764191
0.6,0.19,0.41,2.45,0.6,0.25,0.41,2.96,237775294
0.6,0.2,0.41,2.47,0.6,0.24,0.41,2.95,237786397
0.6,0.22,0.41,2.49,0.6,0.25,0.41,2.95,237797500
0.61,0.23,0.41,2.54,0.6,0.27,0.41,2.96,237808603
0.6,0.26,0.41,2.55,0.6,0.29,0.41,2.96,237819706
0.6,0.27,0.41,2.54,0.6,0.3,0.41,2.96,237830809
0.61,0.27,0.41,2.53,0.6,0.31,0.41,2.97,237841912
0.61,0.25,0.41,2.51,0.6,0.31,0.41,2.97,237853016
0.61,0.25,0.41,2.52,0.6,0.32,0.41,2.98,237864119
0.61,0.25,0.41,2.5,0.6,0.32,0.41,2.97,237875222
0.61,0.27,0.41,2.53,0.6,0.32,0.41,2.96,237886325
0.6,0.26,0.41,2.53,0.6,0.31,0.41,2.94,237897428
0.61,0.26,0.41,2.55,0.6,0.31,0.41,2.95,237908531
0.61,0.24,0.41,2.51,0.6,0.31,0.41,2.96,237919634
0.62,0.24,0.41,2.5,0.6,0.32,0.41,2.97,237930737
0.58,0.25,0.41,2.41,0.6,0.31,0.41,2.96,237941841
0.58,0.24,0.41,2.39,0.6,0.31,0.41,2.95,237952944
0.58,0.24,0.41,2.37,0.6,0.31,0.41,2.95,237964047
0.59,0.23,0.41,2.38,0.6,0.32,0.41,2.94,237975150
0.59,0.25,0.41,2.41,0.6,0.31,0.41,2.94,237986253
0.59,0.27,0.41,2.45,0.6,0.31,0.41,2.93,237997356
0.6,0.27,0.41,2.48,0.6,0.31,0.41,2.92,238008459
0.6,0.26,0.41,2.46,0.6,0.32,0.41,2.92,238019562
0.6,0.24,0.41,2.43,0.6,0.32,0.41,2.91,238030666
0.63,0.24,0.41,2.48,0.6,0.33,0.41,2.91,238041769
0.62,0.24,0.41,2.49,0.6,0.33,0.41,2.9,238052872
0.62,0.25,0.41,2.5,0.6,0.34,0.41,2.91,238063975
0.55,0.22,0.41,2.25,0.6,0.34,0.41,2.91,238075078
0.54,0.21,0.41,2.24,0.6,0.33,0.41,2.92,238086181
0.55,0.21,0.41,2.23,0.6,0.32,0.41,2.91,238097284
0.61,0.25,0.41,2.5,0.6,0.32,0.41,2.92,238108387
0.62,0.25,0.41,2.51,0.6,0.32,0.41,2.92,238119491
0.62,0.26,0.41,2.52,0.6,0.32,0.41,2.93,238130594
0.59,0.25,0.41,2.39,0.61,0.32,0.41,2.93,238141697
0.59,0.26,0.41,2.4,0.6,0.31,0.41,2.92,238152800
0.59,0.27,0.41,2.39,0.6,0.31,0.41,2.92,238163903
0.62,0.27,0.41,2.53,0.6,0.31,0.41,2.93,238175006
0.62,0.27,0.41,2.54,0.6,0.31,0.41,2.94,238186109
0.62,0.26,0.41,2.54,0.6,0.32,0.41,2.94,238197212
0.56,0.28,0.41,2.37,0.6,0.33,0.41,2.94,238208316
0.56,0.27,0.41,2.37,0.6,0.34,0.41,2.95,238219419
0.56,0.27,0.41,2.38,0.6,0.34,0.41,2.95,238230522
0.59,0.27,0.41,2.49,0.6,0.34,0.41,2.94,238241625
0.6,0.27,0.41,2.47,0.6,0.34,0.41,2.95,238252728
0.59,0.27,0.41,2.47,0.6,0.34,0.41,2.95,238263831
0.57,0.26,0.41,2.37,0.6,0.34,0.41,2.96,238274934
0.58,0.28,0.41,2.35,0.6,0.36,0.41,2.95,238286037
0.57,0.3,0.41,2.34,0.61,0.38,0.41,2.95,238297141
0.58,0.3,0.41,2.36,0.61,0.4,0.41,2.95,238308244
0.58,0.3,0.41,2.38,0.61,0.39,0.41,2.97,238319347
0.58,0.31,0.41,2.4,0.6,0.39,0.41,2.96,238330450
0.59,0.32,0.41,2.44,0.6,0.38,0.41,2.96,238341553
0.59,0.33,0.41,2.45,0.61,0.38,0.41,2.96,238352656
0.6,0.33,0.41,2.44,0.61,0.4,0.41,2.96,238363759
0.63,0.35,0.41,2.55,0.6,0.4,0.41,2.96,238374862
0.62,0.34,0.41,2.55,0.6,0.41,0.41,2.98,238385966
0.62,0.35,0.41,2.56,0.6,0.41,0.41,2.99,238397069
0.59,0.33,0.41,2.44,0.6,0.42,0.41,3,238408172
0.59,0.32,0.41,2.42,0.61,0.42,0.41,2.99,238419275
0.59,0.31,0.41,2.41,0.6,0.41,0.41,2.98,238430378
0.61,0.34,0.41,2.53,0.6,0.41,0.41,2.98,238441481
0.61,0.35,0.41,2.55,0.6,0.42,0.41,2.99,238452584
0.61,0.35,0.41,2.55,0.61,0.41,0.41,2.99,238463687
0.56,0.29,0.41,2.31,0.61,0.41,0.41,2.99,238474791
0.56,0.28,0.41,2.32,0.6,0.4,0.41,2.98,238485894
0.55,0.28,0.41,2.33,0.6,0.4,0.41,2.99,238496997
0.59,0.33,0.41,2.47,0.6,0.4,0.41,3,238508100
0.58,0.33,0.41,2.48,0.6,0.4,0.41,3,238519203
0.59,0.34,0.41,2.49,0.6,0.41,0.41,3.01,238530306
0.61,0.34,0.41,2.55,0.6,0.41,0.41,3,238541409
0.62,0.33,0.41,2.51,0.6,0.41,0.41,3,238552512
0.61,0.32,0.41,2.5,0.6,0.42,0.41,3,238563616
0.59,0.32,0.41,2.43,0.6,0.42,0.41,3.01,238574719
0.59,0.33,0.41,2.46,0.6,0.42,0.41,3.02,238585822
0.6,0.34,0.41,2.49,0.6,0.41,0.41,3.02,238596925
0.63,0.34,0.41,2.58,0.6,0.41,0.41,3.01,238608028
0.62,0.35,0.41,2.6,0.6,0.4,0.41,3,238619131
0.61,0.35,0.41,2.59,0.6,0.4,0.41,3.01,238630234
0.61,0.35,0.41,2.59,0.6,0.39,0.41,3.01,238641337
0.62,0.36,0.41,2.59,0.6,0.38,0.41,3.01,238652441
0.62,0.36,0.41,2.6,0.6,0.39,0.41,3.02,238663544
0.61,0.36,0.41,2.58,0.6,0.4,0.41,3.02,238674647
0.61,0.35,0.41,2.56,0.6,0.39,0.41,3.03,238685750
0.61,0.34,0.41,2.55,0.6,0.39,0.41,3.03,238696853
0.6,0.35,0.41,2.52,0.6,0.39,0.41,3.03,238707956
0.61,0.33,0.41,2.52,0.6,0.4,0.41,3.03,238719059
0.61,0.33,0.41,2.53,0.6,0.4,0.41,3.03,238730162
0.62,0.33,0.41,2.57,0.6,0.41,0.41,3.03,238741266
0.62,0.35,0.41,2.59,0.6,0.42,0.41,3.04,238752369
0.61,0.35,0.41,2.57,0.6,0.42,0.41,3.05,238763472
0.59,0.36,0.41,2.55,0.6,0.43,0.41,3.05,238774575
0.6,0.35,0.41,2.54,0.6,0.41,0.41,3.05,238785678
0.6,0.35,0.41,2.56,0.6,0.42,0.41,3.05,238796781
0.62,0.35,0.41,2.61,0.6,0.41,0.41,3.05,238807884
0.62,0.35,0.41,2.62,0.6,0.42,0.41,3.06,238818987
0.62,0.35,0.41,2.61,0.6,0.42,0.41,3.05,238830091
0.62,0.35,0.41,2.62,0.6,0.42,0.41,3.05,238841194
0.62,0.35,0.41,2.62,0.6,0.42,0.41,3.05,238852297
0.62,0.34,0.41,2.62,0.6,0.42,0.41,3.06,238863400
0.61,0.36,0.41,2.61,0.6,0.43,0.41,3.07,238874503
0.62,0.38,0.41,2.58,0.6,0.45,0.41,3.06,238885606
0.62,0.4,0.41,2.59,0.59,0.46,0.41,3.07,238896709
0.63,0.42,0.41,2.57,0.6,0.47,0.41,3.07,238907812
0.63,0.44,0.41,2.58,0.6,0.47,0.41,3.06,238918916
0.62,0.43,0.41,2.53,0.6,0.47,0.41,3.06,238930019
0.61,0.42,0.41,2.55,0.6,0.47,0.41,3.07,238941122
0.61,0.41,0.41,2.55,0.6,0.47,0.41,3.07,238952225
0.61,0.42,0.41,2.57,0.6,0.48,0.41,3.06,238963328
0.59,0.37,0.41,2.44,0.6,0.48,0.41,3.06,238974431
0.59,0.38,0.41,2.46,0.6,0.47,0.41,3.05,238985534
0.59,0.37,0.41,2.46,0.6,0.48,0.41,3.05,238996637
0.61,0.4,0.41,2.6,0.6,0.47,0.41,3.04,239007741
0.61,0.4,0.41,2.58,0.6,0.47,0.41,3.05,239018844
0.61,0.4,0.41,2.57,0.6,0.47,0.41,3.05,239029947
0.61,0.4,0.41,2.58,0.6,0.48,0.41,3.06,239041050
0.62,0.4,0.41,2.59,0.6,0.48,0.41,3.06,239052153
0.62,0.41,0.41,2.6,0.6,0.46,0.41,3.05,239063256
0.62,0.41,0.41,2.6,0.6,0.47,0.41,3.04,239074359
0.62,0.42,0.41,2.6,0.6,0.47,0.41,3.03,239085462
0.61,0.41,0.41,2.59,0.6,0.47,0.41,3.04,239096566
0.61,0.43,0.41,2.57,0.61,0.47,0.41,3.04,239107669
0.62,0.42,0.41,2.56,0.6,0.47,0.41,3.04,239118772
0.62,0.42,0.41,2.56,0.61,0.48,0.41,3.04,239129875
0.58,0.39,0.41,2.48,0.61,0.47,0.41,3.04,239140978
0.58,0.39,0.41,2.48,0.61,0.47,0.41,3.04,239152081
0.58,0.39,0.41,2.48,0.6,0.47,0.41,3.04,239163184
0.61,0.41,0.41,2.58,0.6,0.48,0.41,3.04,239174287
0.62,0.4,0.41,2.59,0.6,0.48,0.41,3.05,239185391
0.61,0.41,0.41,2.61,0.6,0.48,0.41,3.04,239196494
0.58,0.37,0.41,2.44,0.6,0.47,0.41,3.03,239207597
0.57,0.39,0.41,2.39,0.6,0.48,0.41,3.03,239218700
0.57,0.39,0.41,2.37,0.6,0.51,0.41,3.02,239229803
0.6,0.44,0.41,2.52,0.6,0.52,0.41,3.03,239240906
0.62,0.45,0.41,2.55,0.6,0.53,0.41,3.03,239252009
0.62,0.47,0.41,2.57,0.6,0.52,0.41,3.03,239263112
0.62,0.46,0.41,2.56,0.6,0.53,0.41,3.04,239274216
0.63,0.46,0.41,2.55,0.6,0.52,0.41,3.03,239285319
0.63,0.46,0.41,2.55,0.6,0.53,0.41,3.04,239296422
0.64,0.5,0.41,2.56,0.6,0.54,0.41,3.03,239307525
0.63,0.5,0.41,2.55,0.6,0.54,0.41,3.03,239318628
0.63,0.48,0.41,2.51,0.6,0.54,0.41,3.03,239329731
0.63,0.48,0.41,2.51,0.6,0.54,0.41,3.03,239340834
0.63,0.47,0.41,2.5,0.6,0.54,0.41,3.05,239351937
0.63,0.47,0.41,2.51,0.6,0.54,0.41,3.04,239363041
0.62,0.45,0.41,2.51,0.6,0.54,0.41,3.03,239374144
0.61,0.45,0.41,2.51,0.6,0.55,0.41,3.03,239385247
0.61,0.45,0.41,2.51,0.61,0.55,0.41,3.04,239396350
0.62,0.46,0.41,2.52,0.6,0.56,0.41,3.05,239407453
0.62,0.47,0.41,2.52,0.6,0.56,0.41,3.04,239418556
0.62,0.47,0.41,2.53,0.6,0.56,0.41,3.03,239429659
0.62,0.56,0.41,2.68,0.6,0.56,0.41,3.03,239440762
0.62,0.56,0.41,2.68,0.61,0.55,0.41,3.03,239451866
0.62,0.56,0.41,2.67,0.61,0.56,0.41,3.02,239462969
0.62,0.46,0.41,2.5,0.61,0.55,0.41,3.01,239474072
0.62,0.45,0.41,2.49,0.61,0.55,0.41,3.02,239485175
0.63,0.45,0.41,2.49,0.6,0.55,0.41,3.02,239496278
0.62,0.54,0.41,2.65,0.61,0.55,0.41,3.02,239507381
0.62,0.58,0.41,2.82,0.61,0.56,0.41,3.01,239518484
0.62,0.59,0.41,2.83,0.61,0.56,0.41,3,239529587
0.64,0.52,0.41,2.7,0.61,0.56,0.41,3,239540691
0.63,0.5,0.41,2.5,0.61,0.57,0.41,3,239551794
0.63,0.49,0.41,2.5,0.61,0.56,0.41,3,239562897
0.62,0.51,0.41,2.57,0.61,0.55,0.41,2.99,239574000
0.62,0.5,0.41,2.58,0.61,0.55,0.41,2.99,239585103
0.62,0.51,0.41,2.59,0.61,0.55,0.41,2.97,239596206
0.63,0.49,0.41,2.52,0.61,0.56,0.41,2.98,239607309
0.62,0.5,0.41,2.53,0.6,0.55,0.41,2.98,239618412
0.62,0.52,0.41,2.54,0.6,0.56,0.41,3,239629516
0.56,0.43,0.41,2.26,0.6,0.59,0.41,3,239640619
0.56,0.45,0.41,2.23,0.6,0.62,0.41,3,239651722
0.56,0.45,0.41,2.2,0.61,0.64,0.41,3,239662825
0.62,0.54,0.41,2.46,0.6,0.64,0.41,2.99,239673928
0.62,0.55,0.41,2.57,0.6,0.64,0.41,2.98,239685031
0.63,0.56,0.41,2.58,0.6,0.64,0.41,2.98,239696134
0.64,0.6,0.41,2.71,0.6,0.64,0.41,2.97,239707237
0.63,0.55,0.41,2.45,0.6,0.64,0.41,2.97,239718341
0.64,0.56,0.41,2.46,0.61,0.64,0.41,2.98,239729444
0.64,0.56,0.41,2.46,0.61,0.63,0.41,2.98,239740547
0.62,0.57,0.41,2.5,0.6,0.63,0.41,2.98,239751650
0.61,0.56,0.41,2.49,0.6,0.62,0.41,2.98,239762753
0.57,0.49,0.41,2.3,0.6,0.62,0.41,2.98,239773856
0.58,0.47,0.41,2.26,0.6,0.62,0.41,2.97,239784959
0.58,0.47,0.41,2.25,0.6,0.62,0.41,2.97,239796062
0.59,0.49,0.41,2.32,0.6,0.62,0.41,2.96,239807166
0.58,0.51,0.41,2.36,0.6,0.61,0.41,2.96,239818269
0.59,0.51,0.41,2.34,0.6,0.61,0.41,2.95,239829372
0.57,0.48,0.41,2.25,0.6,0.62,0.41,2.95,239840475
0.57,0.47,0.41,2.22,0.6,0.62,0.41,2.95,239851578
0.57,0.48,0.41,2.23,0.6,0.62,0.41,2.95,239862681
0.62,0.55,0.41,2.43,0.6,0.61,0.41,2.94,239873784
0.63,0.55,0.41,2.43,0.61,0.61,0.41,2.93,239884887
0.63,0.55,0.41,2.44,0.6,0.62,0.41,2.93,239895991
0.63,0.55,0.41,2.44,0.6,0.62,0.41,2.93,239907094
0.62,0.58,0.41,2.48,0.6,0.62,0.41,2.93,239918197
0.63,0.57,0.41,2.47,0.6,0.61,0.41,2.91,239929300
0.63,0.57,0.41,2.47,0.6,0.62,0.41,2.91,239940403
0.62,0.58,0.41,2.48,0.6,0.63,0.41,2.92,239951506
0.61,0.58,0.41,2.46,0.6,0.64,0.41,2.93,239962609
0.61,0.58,0.41,2.46,0.6,0.64,0.41,2.93,239973712
0.62,0.58,0.41,2.43,0.6,0.64,0.41,2.93,239984816
0.63,0.59,0.4,2.44,0.6,0.63,0.41,2.91,239995919
0.56,0.46,0.4,2.15,0.6,0.62,0.41,2.91,240007022
0.56,0.44,0.4,2.13,0.6,0.63,0.41,2.91,240018125
0.56,0.43,0.4,2.11,0.6,0.63,0.41,2.92,240029228
0.63,0.55,0.4,2.4,0.6,0.64,0.41,2.93,240040331
0.56,0.6,0.4,2.49,0.57,0.62,0.41,2.94,240051434
0.49,0.6,0.4,2.48,0.51,0.61,0.41,2.94,240062537
0.45,0.64,0.4,2.64,0.44,0.63,0.4,2.98,240073641
0.39,0.65,0.4,2.68,0.34,0.62,0.4,2.96,240084744
0.34,0.65,0.4,2.64,0.28,0.62,0.41,2.95,240095847
0.31,0.64,0.4,2.6,0.26,0.62,0.4,2.94,240106950
0.3,0.65,0.4,2.66,0.26,0.62,0.41,2.95,240118053
0.3,0.65,0.4,2.69,0.25,0.62,0.41,2.95,240129156
0.28,0.56,0.41,2.53,0.26,0.61,0.41,2.95,240140259
0.28,0.57,0.41,2.5,0.26,0.61,0.41,2.94,240151362
0.28,0.57,0.41,2.49,0.26,0.61,0.41,2.94,240162466
0.28,0.57,0.41,2.48,0.26,0.62,0.41,2.94,240173569
0.28,0.56,0.41,2.49,0.26,0.62,0.41,2.96,240184672
0.28,0.55,0.41,2.5,0.26,0.61,0.41,2.96,240195775
0.28,0.56,0.41,2.54,0.26,0.6,0.41,2.95,240206878
0.29,0.59,0.41,2.5,0.26,0.6,0.41,2.94,240217981
0.29,0.6,0.41,2.51,0.25,0.6,0.41,2.94,240229084
0.29,0.6,0.41,2.52,0.25,0.61,0.41,2.95,240240187
0.28,0.57,0.41,2.56,0.24,0.61,0.41,2.95,240251291
0.27,0.58,0.41,2.56,0.23,0.61,0.41,2.95,240262394
0.24,0.58,0.41,2.55,0.22,0.62,0.41,2.94,240273497
0.24,0.58,0.41,2.48,0.23,0.62,0.41,2.94,240284600
0.24,0.58,0.41,2.48,0.22,0.62,0.41,2.95,240295703
0.24,0.58,0.41,2.49,0.22,0.62,0.41,2.95,240306806
0.25,0.57,0.41,2.56,0.22,0.62,0.41,2.95,240317909
0.24,0.57,0.41,2.55,0.22,0.62,0.41,2.95,240329012
0.24,0.56,0.41,2.52,0.23,0.62,0.41,2.94,240340116
0.22,0.58,0.41,2.4,0.23,0.62,0.41,2.94,240351219
0.23,0.59,0.41,2.42,0.22,0.62,0.41,2.95,240362322
0.22,0.59,0.41,2.42,0.22,0.62,0.41,2.95,240373425
0.25,0.56,0.41,2.54,0.22,0.61,0.41,2.95,240384528
0.24,0.56,0.41,2.53,0.23,0.61,0.41,2.95,240395631
0.24,0.57,0.41,2.57,0.23,0.61,0.41,2.95,240406734
0.24,0.57,0.41,2.57,0.22,0.61,0.41,2.95,240417837
0.24,0.57,0.41,2.55,0.21,0.61,0.41,2.95,240428941
0.25,0.57,0.41,2.54,0.21,0.61,0.41,2.95,240440044
0.25,0.57,0.41,2.54,0.22,0.61,0.41,2.96,240451147
0.25,0.57,0.41,2.57,0.22,0.61,0.41,2.96,240462250
0.25,0.56,0.41,2.58,0.22,0.62,0.41,2.97,240473353
0.25,0.58,0.41,2.54,0.23,0.62,0.41,2.97,240484456
0.25,0.59,0.41,2.54,0.22,0.61,0.41,2.98,240495559
0.25,0.57,0.41,2.52,0.22,0.61,0.41,2.99,240506662
0.25,0.55,0.41,2.55,0.22,0.62,0.41,3,240517766
0.25,0.56,0.41,2.57,0.21,0.62,0.41,3,240528869
0.26,0.56,0.41,2.58,0.21,0.61,0.41,2.99,240539972
0.26,0.58,0.41,2.57,0.21,0.62,0.41,2.99,240551075
0.26,0.58,0.41,2.57,0.21,0.62,0.41,3,240562178
0.25,0.6,0.41,2.6,0.22,0.62,0.41,3,240573281
0.24,0.58,0.41,2.58,0.22,0.63,0.41,3.01,240584384
0.25,0.58,0.41,2.59,0.22,0.63,0.41,3.02,240595487
0.25,0.56,0.41,2.56,0.22,0.62,0.41,3.02,240606591
0.26,0.58,0.41,2.57,0.22,0.62,0.41,3.01,240617694
0.25,0.58,0.41,2.56,0.22,0.61,0.41,3.02,240628797
0.25,0.59,0.41,2.57,0.22,0.62,0.41,3.02,240639900
0.25,0.58,0.41,2.6,0.22,0.61,0.41,3.02,240651003
0.27,0.58,0.41,2.61,0.24,0.61,0.41,3.02,240662106
0.3,0.68,0.41,2.82,0.25,0.6,0.41,3.02,240673209
0.3,0.68,0.41,2.82,0.26,0.61,0.41,3.04,240684312
0.3,0.68,0.41,2.81,0.26,0.61,0.41,3.05,240695416
0.3,0.61,0.41,2.69,0.26,0.61,0.41,3.04,240706519
0.3,0.62,0.41,2.65,0.26,0.6,0.41,3.04,240717622
0.29,0.61,0.41,2.64,0.26,0.61,0.41,3.04,240728725
0.29,0.57,0.41,2.59,0.26,0.61,0.41,3.04,240739828
0.29,0.57,0.41,2.59,0.26,0.62,0.41,3.04,240750931
0.3,0.57,0.41,2.61,0.26,0.62,0.41,3.04,240762034
0.3,0.57,0.41,2.61,0.26,0.63,0.41,3.04,240773137
0.3,0.57,0.41,2.61,0.26,0.61,0.41,3.03,240784241
0.29,0.57,0.41,2.6,0.26,0.61,0.41,3.02,240795344
0.29,0.57,0.41,2.58,0.26,0.6,0.41,3.01,240806447
0.28,0.56,0.41,2.56,0.26,0.61,0.41,3.03,240817550
0.28,0.56,0.41,2.56,0.26,0.6,0.41,3.03,240828653
0.29,0.62,0.41,2.65,0.26,0.6,0.41,3.03,240839756
0.3,0.63,0.41,2.66,0.26,0.6,0.41,3.02,240850859
0.3,0.62,0.41,2.66,0.26,0.59,0.41,3.02,240861962
0.3,0.62,0.41,2.66,0.26,0.59,0.41,3.01,240873066
0.29,0.61,0.41,2.64,0.26,0.6,0.41,3.02,240884169
0.3,0.61,0.41,2.63,0.26,0.6,0.41,3.01,240895272
0.3,0.58,0.41,2.58,0.26,0.61,0.41,3.01,240906375
0.29,0.58,0.41,2.61,0.25,0.61,0.41,2.99,240917478
0.3,0.57,0.41,2.63,0.26,0.62,0.41,2.99,240928581
0.29,0.53,0.41,2.56,0.26,0.62,0.41,2.99,240939684
0.27,0.55,0.41,2.47,0.26,0.61,0.41,2.99,240950787
0.27,0.55,0.41,2.48,0.26,0.6,0.41,2.99,240961891
0.27,0.54,0.41,2.47,0.26,0.6,0.41,2.99,240972994
0.29,0.57,0.41,2.55,0.26,0.6,0.42,2.99,240984097
0.29,0.56,0.41,2.55,0.26,0.6,0.42,2.98,240995200
0.29,0.58,0.41,2.58,0.26,0.6,0.42,2.98,241006303
0.29,0.59,0.41,2.58,0.26,0.61,0.42,2.97,241017406
0.29,0.6,0.41,2.59,0.26,0.61,0.42,2.98,241028509
0.31,0.64,0.41,2.66,0.27,0.6,0.42,2.98,241039612
0.32,0.62,0.41,2.69,0.29,0.59,0.42,2.97,241050716
0.34,0.6,0.41,2.68,0.3,0.6,0.42,2.96,241061819
0.35,0.65,0.41,2.77,0.3,0.6,0.42,2.96,241072922
0.35,0.65,0.41,2.71,0.3,0.6,0.42,2.97,241084025
0.36,0.65,0.41,2.73,0.31,0.59,0.42,2.97,241095128
0.36,0.69,0.41,2.81,0.31,0.59,0.42,2.97,241106231
0.37,0.71,0.41,2.92,0.3,0.59,0.42,2.96,241117334
0.37,0.72,0.41,2.93,0.3,0.59,0.42,2.96,241128437
0.36,0.64,0.41,2.77,0.3,0.59,0.41,2.96,241139541
0.36,0.64,0.41,2.77,0.3,0.6,0.41,2.97,241150644
0.36,0.65,0.41,2.76,0.3,0.6,0.41,2.97,241161747
0.35,0.64,0.41,2.73,0.3,0.6,0.41,2.97,241172850
0.34,0.61,0.41,2.62,0.3,0.6,0.41,2.96,241183953
0.33,0.61,0.41,2.61,0.3,0.59,0.41,2.95,241195056
0.33,0.65,0.41,2.68,0.3,0.6,0.41,2.95,241206159
0.34,0.69,0.41,2.82,0.3,0.58,0.41,2.95,241217262
0.35,0.7,0.41,2.84,0.3,0.58,0.41,2.94,241228366
0.36,0.66,0.41,2.78,0.3,0.58,0.41,2.94,241239469
0.35,0.65,0.41,2.71,0.3,0.59,0.41,2.93,241250572
0.35,0.64,0.41,2.7,0.3,0.6,0.41,2.94,241261675
0.34,0.66,0.41,2.72,0.3,0.61,0.41,2.95,241272778
0.34,0.68,0.41,2.79,0.3,0.61,0.41,2.95,241283881
0.35,0.69,0.41,2.81,0.3,0.61,0.41,2.94,241294984
0.35,0.61,0.41,2.69,0.3,0.61,0.41,2.93,241306087
0.35,0.61,0.41,2.69,0.3,0.6,0.41,2.93,241317191
0.35,0.61,0.41,2.66,0.3,0.6,0.41,2.93,241328294
0.35,0.65,0.41,2.73,0.3,0.61,0.41,2.93,241339397
0.34,0.63,0.41,2.63,0.3,0.62,0.41,2.94,241350500
0.35,0.63,0.41,2.64,0.3,0.62,0.41,2.93,241361603
0.35,0.67,0.41,2.72,0.3,0.61,0.41,2.93,241372706
0.36,0.67,0.41,2.75,0.32,0.61,0.41,2.94,241383809
0.37,0.66,0.41,2.75,0.33,0.61,0.41,2.93,241394912
0.38,0.67,0.41,2.75,0.34,0.61,0.41,2.93,241406016
0.38,0.7,0.41,2.86,0.34,0.6,0.41,2.91,241417119
0.38,0.7,0.41,2.84,0.34,0.6,0.41,2.91,241428222
0.39,0.58,0.41,2.64,0.34,0.61,0.41,2.91,241439325
0.39,0.58,0.41,2.58,0.34,0.6,0.41,2.92,241450428
0.4,0.59,0.41,2.6,0.34,0.6,0.41,2.92,241461531
0.4,0.62,0.41,2.64,0.34,0.61,0.41,2.93,241472634
0.4,0.64,0.41,2.67,0.34,0.63,0.41,2.94,241483737
0.39,0.63,0.41,2.66,0.34,0.62,0.41,2.94,241494841
0.38,0.57,0.41,2.55,0.34,0.62,0.41,2.93,241505944
0.38,0.57,0.41,2.54,0.34,0.61,0.41,2.92,241517047
0.38,0.56,0.41,2.54,0.34,0.61,0.41,2.93,241528150
0.39,0.59,0.41,2.59,0.34,0.61,0.41,2.93,241539253
0.39,0.58,0.41,2.63,0.34,0.6,0.41,2.93,241550356
0.39,0.57,0.41,2.64,0.34,0.61,0.41,2.93,241561459
0.39,0.65,0.41,2.76,0.35,0.61,0.41,2.93,241572562
0.39,0.65,0.41,2.76,0.34,0.61,0.41,2.95,241583666
0.39,0.65,0.41,2.75,0.34,0.61,0.41,2.94,241594769
0.39,0.55,0.41,2.61,0.34,0.6,0.41,2.94,241605872
0.38,0.55,0.41,2.57,0.34,0.6,0.41,2.93,241616975
0.38,0.55,0.41,2.57,0.34,0.6,0.42,2.93,241628078
0.39,0.65,0.41,2.73,0.34,0.6,0.42,2.93,241639181
0.4,0.68,0.41,2.84,0.34,0.6,0.42,2.93,241650284
0.39,0.67,0.41,2.85,0.34,0.6,0.42,2.93,241661387
0.38,0.54,0.42,2.65,0.34,0.6,0.42,2.94,241672491
0.38,0.54,0.42,2.65,0.34,0.6,0.42,2.95,241683594
0.38,0.55,0.42,2.63,0.34,0.6,0.42,2.95,241694697
0.39,0.64,0.42,2.73,0.34,0.6,0.42,2.94,241705800
0.39,0.64,0.42,2.73,0.34,0.6,0.42,2.93,241716903
0.4,0.63,0.41,2.74,0.34,0.6,0.42,2.94,241728006
0.4,0.59,0.41,2.66,0.34,0.6,0.42,2.93,241739109
0.4,0.59,0.41,2.66,0.34,0.6,0.42,2.93,241750212
0.4,0.59,0.41,2.66,0.34,0.6,0.41,2.92,241761316
0.39,0.66,0.41,2.78,0.34,0.6,0.41,2.92,241772419
0.39,0.65,0.41,2.7,0.34,0.6,0.41,2.93,241783522
0.38,0.65,0.41,2.68,0.34,0.6,0.41,2.93,241794625
0.39,0.64,0.41,2.67,0.34,0.6,0.41,2.93,241805728
0.39,0.65,0.41,2.74,0.34,0.61,0.41,2.93,241816831
0.42,0.65,0.41,2.78,0.36,0.6,0.41,2.93,241827934
0.44,0.55,0.41,2.6,0.37,0.61,0.41,2.94,241839037
0.43,0.57,0.41,2.56,0.39,0.6,0.41,2.95,241850141
0.43,0.57,0.41,2.55,0.39,0.61,0.41,2.95,241861244
0.43,0.57,0.41,2.55,0.38,0.61,0.41,2.94,241872347
0.43,0.59,0.41,2.58,0.39,0.62,0.41,2.93,241883450
0.44,0.59,0.41,2.58,0.39,0.61,0.41,2.93,241894553
0.43,0.58,0.41,2.59,0.39,0.61,0.41,2.93,241905656
0.43,0.56,0.41,2.54,0.39,0.61,0.41,2.94,241916759
0.43,0.56,0.41,2.54,0.38,0.61,0.41,2.95,241927862
0.43,0.57,0.41,2.54,0.38,0.62,0.41,2.96,241938966
0.43,0.55,0.41,2.6,0.38,0.6,0.41,2.95,241950069
0.43,0.56,0.41,2.6,0.38,0.6,0.41,2.96,241961172
0.43,0.65,0.41,2.73,0.38,0.59,0.41,2.95,241972275
0.43,0.65,0.41,2.73,0.38,0.61,0.41,2.96,241983378
0.43,0.63,0.41,2.73,0.38,0.61,0.41,2.96,241994481
0.44,0.54,0.41,2.57,0.38,0.61,0.41,2.95,242005584
0.43,0.55,0.41,2.53,0.38,0.61,0.41,2.95,242016687
0.43,0.55,0.41,2.52,0.39,0.6,0.41,2.94,242027791
0.42,0.59,0.41,2.58,0.38,0.6,0.41,2.94,242038894
0.42,0.58,0.41,2.59,0.38,0.6,0.41,2.94,242049997
0.42,0.58,0.41,2.6,0.38,0.61,0.41,2.93,242061100
0.42,0.54,0.41,2.55,0.38,0.6,0.42,2.92,242072203
0.42,0.54,0.41,2.53,0.38,0.59,0.42,2.91,242083306
0.42,0.54,0.41,2.54,0.38,0.6,0.42,2.92,242094409
0.43,0.55,0.41,2.52,0.38,0.6,0.42,2.92,242105512
0.44,0.58,0.41,2.55,0.38,0.6,0.42,2.91,242116616
0.44,0.57,0.41,2.53,0.38,0.59,0.42,2.91,242127719
0.43,0.58,0.41,2.55,0.38,0.58,0.42,2.91,242138822
0.43,0.53,0.41,2.56,0.38,0.58,0.42,2.91,242149925
0.43,0.54,0.41,2.58,0.38,0.6,0.42,2.93,242161028
0.43,0.55,0.41,2.57,0.39,0.6,0.42,2.93,242172131
0.45,0.55,0.42,2.51,0.41,0.6,0.42,2.94,242183234
0.46,0.55,0.42,2.53,0.44,0.6,0.42,2.94,242194337
0.47,0.54,0.42,2.49,0.44,0.6,0.42,2.94,242205441
0.47,0.56,0.42,2.51,0.44,0.6,0.42,2.93,242216544
0.47,0.56,0.42,2.51,0.44,0.6,0.42,2.94,242227647
0.47,0.56,0.41,2.53,0.44,0.6,0.42,2.94,242238750
0.48,0.56,0.41,2.5,0.44,0.6,0.42,2.93,242249853
0.48,0.56,0.41,2.5,0.44,0.6,0.42,2.93,242260956
0.48,0.56,0.41,2.49,0.44,0.6,0.42,2.94,242272059
0.47,0.56,0.41,2.52,0.44,0.61,0.42,2.94,242283162
0.47,0.56,0.41,2.51,0.44,0.6,0.42,2.94,242294266
0.47,0.56,0.41,2.53,0.44,0.6,0.42,2.94,242305369
0.46,0.55,0.41,2.51,0.44,0.62,0.42,2.95,242316472
0.45,0.55,0.41,2.51,0.44,0.62,0.42,2.95,242327575
0.46,0.55,0.41,2.5,0.44,0.62,0.42,2.95,242338678
0.48,0.57,0.41,2.53,0.44,0.61,0.42,2.95,242349781
0.48,0.57,0.41,2.54,0.44,0.61,0.42,2.94,242360884
0.48,0.55,0.41,2.51,0.44,0.6,0.41,2.94,242371987
0.47,0.52,0.41,2.47,0.44,0.62,0.41,2.95,242383091
0.47,0.52,0.41,2.46,0.44,0.62,0.41,2.94,242394194
0.47,0.53,0.41,2.47,0.44,0.62,0.41,2.95,242405297
0.47,0.55,0.41,2.49,0.44,0.61,0.42,2.94,242416400
0.47,0.55,0.41,2.48,0.44,0.61,0.42,2.95,242427503
0.46,0.55,0.41,2.49,0.45,0.6,0.42,2.93,242438606
0.46,0.58,0.41,2.51,0.45,0.59,0.42,2.92,242449709
0.47,0.58,0.41,2.53,0.45,0.59,0.42,2.93,242460812
0.48,0.63,0.41,2.62,0.45,0.59,0.42,2.94,242471916
0.48,0.61,0.41,2.6,0.44,0.59,0.42,2.94,242483019
0.48,0.62,0.41,2.59,0.44,0.6,0.42,2.94,242494122
0.49,0.65,0.41,2.67,0.45,0.61,0.42,2.94,242505225
0.49,0.64,0.41,2.67,0.45,0.6,0.42,2.94,242516328
0.49,0.64,0.41,2.69,0.44,0.6,0.42,2.94,242527431
0.49,0.62,0.41,2.65,0.44,0.6,0.42,2.95,242538534
0.49,0.63,0.41,2.74,0.44,0.61,0.42,2.96,242549637
0.49,0.64,0.41,2.71,0.45,0.61,0.42,2.98,242560741
0.46,0.55,0.41,2.49,0.47,0.6,0.42,2.97,242571844
0.48,0.57,0.41,2.48,0.48,0.61,0.42,2.97,242582947
0.49,0.58,0.41,2.5,0.49,0.61,0.42,2.96,242594050
0.52,0.61,0.41,2.59,0.48,0.61,0.42,2.97,242605153
0.53,0.61,0.41,2.65,0.48,0.6,0.42,2.96,242616256
0.53,0.61,0.41,2.66,0.48,0.6,0.42,2.97,242627359
0.48,0.57,0.41,2.55,0.49,0.6,0.42,2.96,242638462
0.5,0.57,0.41,2.49,0.49,0.6,0.42,2.96,242649566
0.5,0.57,0.41,2.49,0.49,0.6,0.42,2.96,242660669
0.52,0.57,0.41,2.51,0.49,0.6,0.42,2.97,242671772
0.51,0.57,0.41,2.51,0.49,0.6,0.42,2.97,242682875
0.52,0.57,0.41,2.51,0.48,0.6,0.42,2.96,242693978
0.5,0.56,0.41,2.45,0.48,0.6,0.42,2.95,242705081
0.51,0.55,0.41,2.44,0.49,0.6,0.42,2.95,242716184
0.52,0.57,0.41,2.47,0.49,0.6,0.42,2.96,242727287
0.53,0.57,0.41,2.51,0.48,0.59,0.42,2.97,242738391
0.53,0.58,0.41,2.6,0.48,0.59,0.42,2.98,242749494
0.52,0.57,0.41,2.55,0.48,0.59,0.42,2.97,242760597
0.52,0.61,0.41,2.64,0.48,0.59,0.42,2.96,242771700
0.52,0.6,0.41,2.56,0.49,0.59,0.42,2.95,242782803
0.52,0.6,0.41,2.57,0.48,0.6,0.42,2.95,242793906
0.5,0.56,0.41,2.49,0.49,0.61,0.42,2.96,242805009
0.49,0.56,0.41,2.52,0.48,0.61,0.42,2.96,242816112
0.48,0.55,0.41,2.49,0.48,0.6,0.42,2.97,242827216
0.48,0.55,0.41,2.5,0.48,0.6,0.42,2.97,242838319
0.49,0.56,0.41,2.46,0.48,0.59,0.42,2.96,242849422
0.5,0.56,0.41,2.47,0.49,0.59,0.42,2.95,242860525
0.5,0.56,0.41,2.46,0.49,0.59,0.42,2.95,242871628
0.51,0.56,0.41,2.46,0.51,0.6,0.42,2.95,242882731
0.52,0.56,0.41,2.46,0.53,0.61,0.42,2.95,242893834
0.52,0.56,0.42,2.46,0.53,0.61,0.42,2.95,242904937
0.51,0.57,0.42,2.49,0.53,0.61,0.42,2.97,242916041
0.52,0.58,0.42,2.51,0.53,0.62,0.42,2.98,242927144
0.56,0.57,0.42,2.59,0.52,0.61,0.42,3,242938247
0.56,0.55,0.42,2.49,0.52,0.61,0.42,2.99,242949350
0.55,0.55,0.42,2.48,0.52,0.6,0.42,2.98,242960453
0.55,0.54,0.42,2.45,0.52,0.59,0.42,2.97,242971556
0.54,0.56,0.42,2.48,0.52,0.6,0.42,2.98,242982659
0.55,0.55,0.42,2.47,0.52,0.59,0.42,2.99,242993762
0.52,0.57,0.42,2.48,0.52,0.6,0.42,2.99,243004866
0.51,0.57,0.42,2.53,0.53,0.59,0.42,2.99,243015969
0.51,0.58,0.42,2.54,0.53,0.59,0.42,2.99,243027072
0.52,0.57,0.42,2.52,0.53,0.58,0.42,2.99,243038175
0.52,0.57,0.42,2.52,0.53,0.59,0.42,3,243049278
0.52,0.57,0.42,2.52,0.52,0.59,0.42,3,243060381
0.52,0.56,0.42,2.51,0.52,0.6,0.42,3,243071484
0.53,0.55,0.42,2.46,0.52,0.61,0.42,3,243082587
0.53,0.56,0.42,2.46,0.52,0.61,0.42,3,243093691
0.53,0.56,0.42,2.48,0.53,0.61,0.42,3.02,243104794
0.52,0.58,0.42,2.55,0.53,0.62,0.42,3.02,243115897
0.53,0.57,0.42,2.55,0.52,0.62,0.42,3.01,243127000
0.54,0.57,0.42,2.52,0.53,0.62,0.42,2.98,243138103
0.54,0.57,0.42,2.48,0.52,0.61,0.42,2.99,243149206
0.53,0.56,0.42,2.4,0.53,0.61,0.42,3.01,243160309
0.51,0.56,0.42,2.4,0.52,0.6,0.42,3.03,243171412
0.52,0.55,0.42,2.4,0.52,0.59,0.42,3.01,243182516
0.54,0.58,0.41,2.49,0.52,0.59,0.42,3,243193619
0.55,0.57,0.41,2.49,0.52,0.58,0.42,3,243204722
0.55,0.59,0.41,2.5,0.52,0.59,0.42,3.01,243215825
0.54,0.57,0.41,2.46,0.52,0.59,0.42,3.01,243226928
0.54,0.58,0.41,2.48,0.52,0.59,0.42,3,243238031
0.54,0.57,0.41,2.47,0.52,0.59,0.42,3,243249134
0.54,0.57,0.41,2.48,0.52,0.59,0.42,3,243260237
0.54,0.56,0.41,2.47,0.52,0.6,0.42,3.01,243271341
0.53,0.58,0.41,2.49,0.52,0.6,0.42,3.01,243282444
0.54,0.58,0.41,2.5,0.52,0.6,0.41,3,243293547
0.53,0.58,0.41,2.5,0.52,0.6,0.41,3.01,243304650
0.54,0.56,0.41,2.47,0.52,0.59,0.41,3,243315753
0.54,0.56,0.41,2.46,0.52,0.59,0.41,3.01,243326856
0.53,0.56,0.41,2.47,0.52,0.59,0.41,3,243337959
0.52,0.57,0.41,2.46,0.51,0.61,0.41,3,243349062
0.52,0.57,0.41,2.46,0.52,0.61,0.41,3.01,243360166
0.53,0.57,0.41,2.45,0.53,0.62,0.41,3.01,243371269
0.53,0.57,0.41,2.46,0.52,0.63,0.41,3.05,243382372
0.53,0.57,0.41,2.48,0.52,0.62,0.41,3.03,243393475
0.57,0.62,0.41,2.6,0.51,0.6,0.41,3.05,243404578
0.56,0.6,0.41,2.6,0.52,0.6,0.41,3.01,243415681
0.56,0.6,0.41,2.59,0.52,0.61,0.41,3.02,243426784
